variable_name,display_name,data_type,original_worksheet,n_unique_values,missing_rate_pct,imputation_strategy,encoding_mapping,sample_values
MST,MST,identifier,info,247,0.0,no imputation needed,,009abed1b68345d2960a6f3005bb29d7; 00c6ee891d5540f5a907c141269fbf36; 01132f786e494a45941d1afb85021ed3
性别,性别,categorical,info,2,0.0,no imputation needed,0=女; 1=男,女; 男
出生日期,出生日期,date,info,247,0.0,no imputation needed,,1983-12-17; 1966-08-20; 1992-04-30
身高,身高,float,info,67,0.0,no imputation needed,,153.0; 168.0; 173.0
体重,体重,float,info,123,0.0,no imputation needed,,50.0; 68.0; 64.0
体表面积,体表面积,float,info,101,0.0,no imputation needed,,1.48; 1.81; 1.79
职业或特殊接触史,职业或特殊接触史,categorical,info,67,0.0,"mode (fill=无, n=3)",0=专业技术人员; 1=个体; 2=个体户; 3=个体经营; 4=企业管理; 5=会计; 6=体力劳动; 7=公务员; 8=公司职员; 9=公安; ... (67 total classes),无; 专业技术人员; 物业管理
输血史,输血史,categorical,info,2,0.0,no imputation needed,0=无; 1=有,有; 无
红细胞,红细胞,integer,info,32,0.0,"median (fill=950.0, n=132)",,950.0; 0.0; 1600.0
血小板,血小板,integer,info,22,0.0,"median (fill=200.0, n=141)",,200.0; 0.0; 1200.0
血浆,血浆,integer,info,12,0.0,"median (fill=0.0, n=169)",,0.0; 2000.0; 800.0
生育史_G,生育史_G,integer,info,7,0.0,"median (fill=2.0, n=199)",,2.0; 0.0; 3.0
生育史_P,生育史_P,integer,info,5,0.0,"median (fill=1.0, n=199)",,2.0; 1.0; 0.0
血液病史,血液病史,categorical,info,3,0.0,no imputation needed,0=MDS; 1=其他; 2=无,无; 其他; MDS
血液病史备注,血液病史备注,categorical,info,7,0.0,"mode (fill=地中海贫血, n=239)",0=2014年因双下肢瘀斑在重医儿童医院诊断为过敏性紫癜，紫癜性肾炎，间断服用泼尼松，肾复康治疗; 1=2018年7月19日诊断为MDS给予两次化疗; 2=CML; 3=a型地中海贫血; 4=地中海贫血; 5=多发性骨质破坏; 6=慢性粒细胞白血病/中枢神经细胞白血病,地中海贫血; a型地中海贫血; 2018年7月19日诊断为MDS给予两次化疗
肿瘤病史,肿瘤病史,categorical,info,2,0.0,no imputation needed,0=无; 1=有,无; 有
肿瘤病史备注,肿瘤病史备注,categorical,info,1,0.0,"mode (fill=化疗史, n=244)",0=化疗史,化疗史
其他慢病史,其他慢病史,categorical,info,2,0.0,no imputation needed,0=无; 1=有,有; 无
其他具体慢病史,其他具体慢病史,categorical,info,8,0.0,"mode (fill=其他, n=163)","0=其他; 1=心脏病,其他; 2=糖尿病; 3=糖尿病,其他; 4=肺部疾病,其他; 5=肾病,其他; 6=高血压; 7=高血压,其他","其他; 高血压; 心脏病,其他"
其他慢病史备注,其他慢病史备注,categorical,info,81,0.0,"mode (fill=慢性乙型病毒性肝炎, n=165)",0=1.2002年于当地医院诊断为“慢性乙型病毒性肝炎”；2.2012年2月因“胚胎停育”行清宫术；3.2017年7月顺产; 1=10年前行阑尾炎手术治疗; 2=14岁左右曾患流行性肝炎; 3=16岁在万州第一医院行阑尾手术; 4=1998年做过胆囊切除术，1999年鼻阻隔矫正术; 5=1岁时患“脊髓灰质炎”; 6=20+年前因宫外孕行手术; 7=2002年因子宫内膜癌前病变行“子宫全切除术”; 8=2005年行阑尾切除术; 9=2006年“尺骨、桡骨骨折”行“骨折内固定术”; ... (81 total classes),2011年行输卵管结扎; 慢性乙肝，2017年4月25日行腹腔镜下脾脏切除术; 慢性乙型病毒性肝炎
诊断日期,诊断日期,date,info,221,0.0,"mode (fill=2017-02-17, n=2)",,2017-05-27; 2017-03-15; 2018-08-27
诊断名称,诊断名称,categorical,info,55,0.0,"mode (fill=急性髓系白血病M2, n=2)",0=ALL      中枢神经系统白血病; 1=PH+急性B淋巴细胞白血病; 2=PH+急性淋巴细胞白血病; 3=Ph+ 急性淋巴细胞白血病; 4=Ph+急性B淋巴细胞白血病; 5=Ph+急性淋巴细胞白血病; 6=Ph+急性混合细胞白血病; 7=T淋巴母细胞白血病; 8=pH+急性淋巴细胞白血病; 9=ph+急性淋巴细胞白血病; ... (55 total classes),急性髓系白血病M4; 急性髓系白血病M2; pH+急性淋巴细胞白血病
WBC,WBC,float,info,229,0.0,"median (fill=18.36, n=6)",,1.9; 165.4; 3.76
HGB,HGB,float,info,95,0.0,"median (fill=86.0, n=13)",,53.0; 62.0; 70.0
PLT,PLT,float,info,124,0.0,"median (fill=41.5, n=11)",,148.0; 76.0; 20.0
细胞形态学,细胞形态学,text (free-form),info,240,0.0,"mode (fill=1.骨髓增生活跃+，其中粒系占23%，红系占18.5%，粒红比1:24，2.粒系增生欠佳，原始粒细胞比例增高，占14%，后期细胞各阶段少见，3.红系增生活跃，以中晚幼红细胞增生为主，形态未见异常，4.淋巴细胞占25%，形态正常，5.环片一周见到巨核细胞10个，其中见到产板巨核细胞3个，血小板可见，6.单核细胞异常增生，原始及幼稚单核细胞比例增高，占21%，其胞体大小不一，浆可，A颗粒细小可见，核圆形或扭曲折叠，染色质细，核仁可见。意见：AML-M4, n=7)",skipped (high cardinality (240 unique)),
免疫表型,免疫表型,text (free-form),info,214,0.0,"mode (fill=无, n=26)",skipped (high cardinality (214 unique)),
细胞遗传学,细胞遗传学,text (free-form),info,112,0.0,"mode (fill=正常, n=34)",skipped (high cardinality (112 unique)),
分子遗传学,分子遗传学,text (free-form),info,214,0.0,"mode (fill=正常, n=7)",skipped (high cardinality (214 unique)),
是否合并CNSL,是否合并CNSL,categorical,info,3,0.0,"mode (fill=无, n=2)",0=无; 1=有; 2=未查,无; 未查; 有
移植前鞘注次数,移植前鞘注次数,integer,info,22,0.0,"median (fill=2.0, n=24)",,2.0; 3.0; 1.0
移植前末次鞘注时间,移植前末次鞘注时间,date,info,169,0.0,"mode (fill=2018-01-22, n=57)",,2017-09-29; 2017-10-22; 2019-02-26
危险分层,危险分层,categorical,info,3,0.0,"mode (fill=高危组, n=2)",0=中危组; 1=低危组; 2=高危组,高危组; 中危组; 低危组
评估情况,评估情况,categorical,info,3,0.0,"mode (fill=无, n=132)",0=持续慢性感染; 1=无; 2=残留陈旧病灶，无需治疗,无; 持续慢性感染; 残留陈旧病灶，无需治疗
治疗方案,治疗方案,categorical,info,2,0.0,"mode (fill=伏立康唑 200ug q12h, n=245)",0=伏立康唑 200ug q12h; 1=伏立康唑50mg/12h,伏立康唑 200ug q12h; 伏立康唑50mg/12h
供者ID,供者ID,integer,info,219,0.0,"median (fill=110.0, n=28)",,154.0; 144.0; 185.0
性别_1,性别_1,categorical,info,2,0.0,"mode (fill=男, n=28)",0=女; 1=男,女; 男
身高_1,身高_1,float,info,43,0.0,"median (fill=165.0, n=39)",,155.0; 176.0; 165.0
体重_1,体重_1,float,info,96,0.0,"median (fill=63.95, n=39)",,51.5; 70.4; 63.95
出生日期_1,出生日期_1,date,info,215,0.0,"mode (fill=1968-04-10, n=28)",,2004-11-22; 1972-01-28; 1965-03-23
与患者关系,与患者关系,categorical,info,16,0.0,"mode (fill=父亲, n=28)",0=0000; 1=儿子; 2=哥哥; 3=堂弟; 4=女儿; 5=妹妹; 6=姐姐; 7=姐弟; 8=弟弟; 9=无; 10=无关; 11=无关供者; 12=母亲; 13=父亲; 14=父子; 15=舅舅,女儿; 弟弟; 父亲
移植日期,移植日期,date,info,194,0.0,"mode (fill=2018-11-26, n=3)",,2017-11-09; 2017-12-19; 2019-04-01
移植次数,移植次数,categorical,info,2,0.0,"mode (fill=第一次移植, n=3)",0=第一次移植; 1=第二次移植,第一次移植; 第二次移植
第二次原因,第二次原因,categorical,info,1,0.0,"mode (fill=本病复发, n=244)",0=本病复发,本病复发
移植类型,移植类型,categorical,info,5,0.0,"mode (fill=亲缘间单倍体移植, n=3)",0=亲缘间全相合移植; 1=亲缘间单倍体移植; 2=自体移植; 3=非亲缘间不相合移植; 4=非亲缘间全相合移植,亲缘间单倍体移植; 亲缘间全相合移植; 自体移植
HLA-DQ（供者）,HLA-DQ（供者）,categorical,info,87,0.0,"mode (fill=03:01/03:03, n=36)",0=02:01/02:02; 1=02:01/03:01; 2=02:01/03:02; 3=02:01/03:03; 4=02:01/05:02; 5=02:01/05:03; 6=02:01/06:01; 7=02:01/06:03; 8=02:01:01/04:01; 9=02:02/03:01; ... (87 total classes),03:01/03:01; 03:01/03:03; 05:01/05:02
HLA-A（供者）,HLA-A（供者）,text (free-form),info,105,0.0,"mode (fill=11:01/11:01, n=35)",skipped (high cardinality (105 unique)),
HLA-B（供者）,HLA-B（供者）,text (free-form),info,138,0.0,"mode (fill=40:01/46:01, n=35)",skipped (high cardinality (138 unique)),
HLA-DRB1（供者）,HLA-DRB1（供者）,text (free-form),info,136,0.0,"mode (fill=09:01/09:01, n=35)",skipped (high cardinality (136 unique)),
HLA-CW（供者）,HLA-CW（供者）,text (free-form),info,103,0.0,"mode (fill=01:02/07:02, n=36)",skipped (high cardinality (103 unique)),
Dpb1（供者）,Dpb1（供者）,categorical,info,39,0.0,"mode (fill=05:01/05:01, n=179)",0=02:01/02:01; 1=02:01/02:02; 2=02:01/03:01; 3=02:01/04:01; 4=02:01/04:02; 5=02:01/05:01; 6=02:01/135:01; 7=02:01/19:01; 8=02:01/21:01; 9=02:01/41:01; 10=02:01:02G/05:01; 11=02:01:02G/05:01:01G; 12=02:02/03:01; 13=02:02/04:01; 14=02:02/04:02; 15=02:02/05:01; 16=02:02/135:01; 17=02:02/14:01; 18=02:02:01G/05:01:01G; 19=03:01/02:01; 20=03:01/04:05:01; 21=03:01/05:01; 22=03:01:01G/05:01:01G; 23=04:01/02:02; 24=04:01/09:01; 25=04:01/14:01; 26=04:01/17:01; 27=04:01/19:01; 28=04:02/14:01; 29=05:01/03:01; 30=05:01/04:01; 31=05:01/05:01; 32=05:01/13:01; 33=05:01/21:01; 34=05:01:01G/13:01:01G; 35=13:01/01a/21:01; 36=14:01/02:02; 37=14:01/03:01; 38=21:01/17:01,05:01/05:01; 02:01/21:01; 02:02:01G/05:01:01G
血型（供者）,血型（供者）,categorical,info,9,0.0,"mode (fill=A, n=46)",0=0; 1=A; 2=A(RhD); 3=AB; 4=B; 5=O; 6=O(RHD); 7=ab; 8=o,O; A; B
HLA-DQ（受者）,HLA-DQ（受者）,categorical,info,97,0.0,"mode (fill=03:01/03:03, n=36)",0=02:01/02:01; 1=02:01/02:02; 2=02:01/03:01; 3=02:01/03:02; 4=02:01/03:03; 5=02:01/04:01; 6=02:01/04:02; 7=02:01/05:01; 8=02:01/06:01; 9=02:01:01/04:01; ... (97 total classes),03:01/06:03; 03:01/03:03; 03:01/05:02
HLA-A（受者）,HLA-A（受者）,categorical,info,89,0.0,"mode (fill=11:01/11:01, n=35)",0=01:01/02:01; 1=01:01/02:07; 2=01:01/11:01; 3=01:01/24:02; 4=01:01/33:03; 5=02:01/02:03; 6=02:01/02:06; 7=02:01/02:07; 8=02:01/03:01; 9=02:01/11:01; ... (89 total classes),01:01/33:03; 11:01/11:01; 24:02/68:01
HLA-B（受者）,HLA-B（受者）,text (free-form),info,139,0.0,"mode (fill=40:01/46:01, n=35)",skipped (high cardinality (139 unique)),
HLA-DRB1（受者）,HLA-DRB1（受者）,text (free-form),info,141,0.0,"mode (fill=09:01/09:01, n=35)",skipped (high cardinality (141 unique)),
HLA-CW（受者）,HLA-CW（受者）,text (free-form),info,108,0.0,"mode (fill=01:02/03:04, n=36)",skipped (high cardinality (108 unique)),
Dpb1（受者）,Dpb1（受者）,categorical,info,43,0.0,"mode (fill=05:01/05:01, n=180)",0=02:01/02:01; 1=02:01/02:02; 2=02:01/04:01; 3=02:01/04:02; 4=02:01/05:01; 5=02:01/05:02; 6=02:01/135:01; 7=02:01/19:01; 8=02:01/21:01; 9=02:01/41:01; 10=02:01:02G/01:01:01G; 11=02:01:02G/05:01; 12=02:02/03:01; 13=02:02/04:01; 14=02:02/04:02; 15=02:02/05:01; 16=02:02/14:01; 17=02:02:01G/05:01:01G; 18=03:01/03:01; 19=03:01/04:05:01; 20=03:01/05:01; 21=03:01/13:01:01G; 22=03:01/14:01; 23=03:01:01G/03:01:01G; 24=04:01/02:01; 25=04:01/03:02; 26=04:01/14:01; 27=04:01/19:01; 28=04:02/14:01; 29=04:02/21:01; 30=05:01/02:02; 31=05:01/03:01; 32=05:01/04:01; 33=05:01/05:01; 34=05:01/05:03; 35=05:01/13:01; 36=05:01/13:01:01G; 37=05:01:01G/05:01:01G; 38=0:01/17:01; 39=13:01/01a/21:01; 40=14:01/05:01; 41=14:01/135:01; 42=21:01/17:01,05:01/05:01; 02:01/21:01; 05:01:01G/05:01:01G
血型（受者）,血型（受者）,categorical,info,10,0.0,"mode (fill=O, n=51)",0=0; 1=A; 2=A(RhD); 3=AB; 4=B; 5=C; 6=O; 7=O(RHD); 8=a; 9=o,B; O; A
HLA抗体,HLA抗体,categorical,info,2,0.0,"mode (fill=阴性, n=117)",0=阳性; 1=阴性,阴性; 阳性
急性重症GVHD风险,急性重症GVHD风险,categorical,info,5,0.0,"mode (fill=2, n=140)",0=1; 1=2; 2=3; 3=4; 4=母亲2,2; 1; 3
GVL作用,GVL作用,categorical,info,5,0.0,"mode (fill=2, n=140)",0=1; 1=2; 2=3; 3=4; 4=母亲4,2; 4; 3
匹配结论,匹配结论,text (free-form),info,117,0.0,"mode (fill=父供子HLA5/10相合, n=26)",skipped (high cardinality (117 unique)),
预处理日期,预处理日期,date,info,208,0.0,"mode (fill=2017-10-17, n=3)",,2017-10-26; 2017-12-07; 2019-03-23
预处理方案,预处理方案,text (free-form),info,130,0.0,"mode (fill=Me-CCNU+Ara-C+BU+CTX+ATG, n=4)",skipped (high cardinality (130 unique)),
疾病状态,疾病状态,categorical,info,4,0.0,"mode (fill=CR, n=3)",0=CR; 1=NR; 2=PR; 3=RE,CR; NR; PR
MRD流式,MRD流式,categorical,info,38,0.0,"mode (fill=0%, n=24)",0=(-); 1=0; 2=0%; 3=0.04%; 4=0.07%; 5=0.08%; 6=0.14%; 7=0.16; 8=0.18%; 9=0.19%; 10=0.2%; 11=0.24%; 12=0.26%; 13=0.29%; 14=0.33%; 15=0.45%; 16=0.71%; 17=0.72%; 18=0.73%; 19=0.82%; 20=0.83%; 21=1.04%; 22=1.06%; 23=1.2%; 24=1.40%; 25=2.39%; 26=28.12%; 27=30%; 28=38.65%; 29=4.95; 30=57.5%; 31=6%; 32=63.85%; 33=7.17%; 34=NR; 35=阳性; 36=阴性; 37=（-）,0%; (-); 1.04%
MRD基因,MRD基因,categorical,info,65,0.0,"mode (fill=0%, n=173)",0=0%; 1=ABL(+); 2=ABL阳性; 3=AML-ETO/ABL   0.14%; 4=AML/ETO 0%; 5=AML1-ET0/ABL 0.32%; 6=AML1-ETO/ABL   0%; 7=AML1-ETO/ABL  0.38; 8=AML1-ETO/ABL 0%; 9=AML1-ETO/ABL 0.03%; ... (65 total classes),0%; AML1-ETO/ABL  0.38; P210占0.024%，p190，p230阳性
干细胞来源,干细胞来源,categorical,info,3,0.0,"mode (fill=外周干细胞,骨髓干细胞, n=3)","0=外周干细胞; 1=外周干细胞,骨髓干细胞; 2=骨髓干细胞","外周干细胞,骨髓干细胞; 外周干细胞; 骨髓干细胞"
干细胞动员方案,干细胞动员方案,categorical,info,12,0.0,"mode (fill=CAE+G-CSF, n=235)",0=CAE+G-CSF; 1=CEOD+MTX+G-CSF; 2=G-CSF; 3=G-CSF+HADG; 4=HA+Dac; 5=HAD+G-CSF; 6=HIA+G-CSF; 7=IA+G-CSF; 8=MOED+G-CSF; 9=MOED+MTX+G-CSF; 10=ia; 11=平地动员,CAE+G-CSF; MOED+G-CSF; G-CSF+HADG
冻存-外周Mnc,冻存-外周Mnc,float,info,14,0.0,"median (fill=2.26, n=228)",,2.26; 0.6; 12.8
冻存-外周Cd34,冻存-外周Cd34,float,info,18,0.0,"median (fill=2.5, n=228)",,2.5; 1.0; 2.0
死亡日期,死亡日期,date,info,38,0.0,"mode (fill=2017-06-26, n=209)",,2017-06-26; 2018-03-27; 2019-06-03
死亡地点,死亡地点,categorical,info,11,0.0,"mode (fill=家中, n=209)",0=不详; 1=医院; 2=家; 3=家中; 4=家中 ; 5=家里; 6=当地医院; 7=患者家中; 8=新桥医院; 9=病房; 10=红岭医院,家中; 医院; 家中 
死亡根本原因,死亡根本原因,categorical,info,2,0.0,"mode (fill=其他, n=209)",0=其他; 1=本病复发,其他; 本病复发
死亡原因备注,死亡原因备注,categorical,info,28,0.0,"mode (fill=1.中枢神经白血病2.重症肺炎3.呼吸衰竭4.休克5.血气胸.6脑干出血7.多器官功能衰竭待诊, n=219)","0=1.中枢神经白血病2.重症肺炎3.呼吸衰竭4.休克5.血气胸.6脑干出血7.多器官功能衰竭待诊; 1=2018-4-19电话随访患者，家属诉于2018-4-15家中逝世; 2=2018.6.18复发
2019.4.18复发; 3=5.16   复发     36.5%           MRD34.88%          WTI/ABL  129.6%; 4=Ph+急性混合细胞白血病（高危组），真菌性肺炎，父供女6/10相合造血干细胞移植术后，肝功能受损，粒细胞减少症，尿路感染，低蛋白血症; 5=ph+急性淋巴细胞白血病  高危，原发性高血压  很高危，消化道出血，出血性膀胱炎，巨细胞病毒感染，BK、JC病毒感染，aGVHD，低蛋白血症，水电解质紊乱; 6=不详; 7=并发症; 8=急性淋巴细胞白血病（ETP高危组），肺部感染，父供子8/10相合造血干细胞移植术后，肝功能受损，消化道出血，感染性休克，失血性休克，低蛋白血症，肾功能不全，皮肤软组织感染，恶劣心境，败血症（肺炎克雷伯菌），呼吸循环衰竭; 9=急性混合细胞白血病（高危组）-CR2，弟供兄全相合造血干细胞移植术后，白血病髓外浸润，移植物抗宿主病，重症感染，肺部感染，败血症（大肠埃希菌），感染性休克，肝功能损害，弥散性血管内凝血，呼吸衰竭，代谢性酸中毒，呼吸循环衰竭; 10=急性髓系白血病M4（高危组），无关供者全相合造血干细胞移植术后，慢性移植物抗宿主病，肝功能损害，继发性铁负荷过多，急性胰腺炎，肺部感染，低蛋白血症，消化道出血，凝血功能障碍，低钾、低镁血症，高钠、高氯血症，肺部真菌感染，呼吸衰竭，代谢性碱中毒，血栓性微血管病，褥疮; 11=急性髓系白血病M5，肺部感染，肾功能不全，兄供弟全相合造血干细胞移植; 12=患者于2018年4月20日16:30开始行腰穿及鞘内化疗，于鞘内推注阿糖胞苷时出现下肢疼痛，麻木，后出现一过性截瘫，20:00患者持续诉双下肢无力及脐平面以下腹痛，感焦虑、烦躁，于22:30患者突然出现呼吸、心跳骤停，积极抢救后无效死亡; 13=患者浅昏迷就诊新桥医院血液科诊断为：意识障碍待查，重度贫血，血小板减少性紫癜，失血性休克，死亡; 14=患者血氧饱和度，血压下降，瞳孔直径约6mm，对光反射减弱处理后意识障碍加重，且患者有多重感染，合并移植物抗宿主病，本病病情重，死亡率极高，患者家属放弃治疗; 15=患者诊断Ph+ALL，兄供弟5/10相合造血干细胞移植，移植后持续出血性膀胱炎，巨细胞病毒反复阳性，合并肺部感染，血栓性微血管病，经抗感染、血浆置换等治疗后疗效差，最终呼吸衰竭死亡; 16=患者诊断急性髓系白血病M4EO（高危组）-CR2，兄供弟5/10相合造血干细胞移植术后，肺部感染，移植物抗宿主病，肝功能损害，肾功能不全，Ⅰ型呼吸衰竭，代谢性酸中毒，呼吸循环衰竭，抢救无效，家属放弃治疗; 17=感染; 18=感染性休克; 19=慢性淋巴细胞白血病，下肢静脉血栓，左输尿管结石并积水，右双“J”管置入术后，右肾结石，肝功能不全，肾功能不全，巨细胞病毒血症，左侧周围性面瘫，面神经炎？脑血管意外？凝血功能异常，口咽部溃疡伴出血，代谢性酸中毒，肺部感染，感染性休克; 20=慢性粒单核细胞白血病，骨髓纤维化，粒细胞缺乏性发热，代谢性脑病待诊，高钠血症，低蛋白血症，呼吸循环功能衰竭，高氯血症，感染性休克; 21=本病复发+肝功能衰竭+血流感染+肺部感染; 22=确诊机型混合细胞白血病（高危组），急性移植物抗宿主病，肺部感染，非血缘关系9/10相合造血干细胞移植术后，EB病毒感染，肝功能受损，移植相关血栓微血管病，粒细胞缺乏症，脑梗塞; 23=移植后复发，放弃治疗，家中去世; 24=肺部感染，慢性肾功能不全，慢性移植抗宿主病，EB病毒感染，BK病毒感染，呼吸循环衰竭; 25=血流感染+导管感染：肺炎克雷伯菌; 26=血流感染：嗜麦芽寡养单胞菌; 27=诊断急性髓系白血病，无关供者全相合造血干细胞移植后复发，并发肺部感染，抗感染治疗效果不佳，呼吸循环衰竭死亡",1.中枢神经白血病2.重症肺炎3.呼吸衰竭4.休克5.血气胸.6脑干出血7.多器官功能衰竭待诊; 并发症; 急性髓系白血病M5，肺部感染，肾功能不全，兄供弟全相合造血干细胞移植
移植后天数,移植后天数,integer,info,35,0.0,"median (fill=108.0, n=209)",,108.0; 97.0; 64.0
cellinfo_移植日期,细胞信息_移植日期,date,cell-info,194,0.0,"mode (fill=2018-11-26, n=3)",,2017-11-09; 2017-12-19; 2019-04-01
cellinfo_移植天数,细胞信息_移植天数,integer,cell-info,3,0.0,"median (fill=1.0, n=17)",,1.0; 2.0; 3.0
cellinfo_外周干细胞CD34,细胞信息_外周干细胞CD34,float,cell-info,153,0.0,"median (fill=6.0, n=67)",,4.55; 3.08; 6.0
cellinfo_外周干细胞MNC,细胞信息_外周干细胞MNC,float,cell-info,144,0.0,"median (fill=8.93, n=73)",,8.1; 9.41; 8.93
cellinfo_骨髓干细胞CD34,细胞信息_骨髓干细胞CD34,float,cell-info,42,0.0,"median (fill=0.94, n=199)",,0.94; 1.0; 1.22
cellinfo_骨髓干细胞有核细胞,细胞信息_骨髓干细胞有核细胞,float,cell-info,47,0.0,"median (fill=4.3, n=198)",,4.3; 3.4; 3.9
prep_ECOG评分,移植前_ECOG评分,categorical,pre-test-p,3,0.0,"mode (fill=0分, n=142)",0=0分; 1=1分; 2=2分,0分; 1分; 2分
prep_检查日期,移植前_检查日期,date,pre-test-p,184,0.0,"mode (fill=2018-01-05, n=20)",,2017-10-25; 2017-11-27; 2019-02-22
prep_移植前疾病状态,移植前_移植前疾病状态,categorical,pre-test-p,5,0.0,"mode (fill=CR, n=21)",0=CR; 1=NR; 2=PR; 3=RE; 4=不详,CR; 不详; RE
prep_MRD,移植前_MRD,categorical,pre-test-p,3,0.0,"mode (fill=流式, n=166)","0=基因; 1=流式; 2=流式,基因","流式; 流式,基因; 基因"
prep_MRD流式,移植前_MRD流式,categorical,pre-test-p,41,0.0,"mode (fill=0%, n=26)",0=(-); 1=(-）; 2=0; 3=0%; 4=0.04%; 5=0.07; 6=0.08%; 7=0.14%; 8=0.16%; 9=0.18%; 10=0.19%; 11=0.2%; 12=0.24; 13=0.26%; 14=0.29%; 15=0.33%; 16=0.45%; 17=0.48%; 18=0.71%; 19=0.73%; 20=0.82%; 21=0.83%; 22=1.04%; 23=1.06%; 24=1.2%; 25=1.4; 26=16.33%; 27=2.39%; 28=28.12%; 29=38.65%; 30=39%; 31=4.95; 32=57.5%; 33=6%; 34=63.85%; 35=7.17%; 36=8.72%; 37=阳性; 38=阴; 39=阴性; 40=（-）,0%; （-）; 1.04%
prep_MRD基因,移植前_MRD基因,categorical,pre-test-p,67,0.0,"mode (fill=0%, n=173)",0=0%; 1=ABL(+); 2=ABL阳性; 3=ALL/AF4(-); 4=AML-ET0/ABL 0.17%; 5=AML/ETO 0%; 6=AML1-ETO/ABL  0.38; 7=AML1-ETO/ABL 0%; 8=AML1-ETO/ABL 0.03%; 9=AML1-ETO/ABL 0.1%; ... (67 total classes),0%; AML1-ETO/ABL  0.38; P210占0.024%，p190，p230阳性
prep_不良预后基因是否转阴,移植前_不良预后基因是否转阴,categorical,pre-test-p,4,0.0,"mode (fill=未转阴, n=207)",0=全阴性; 1=无不良预后基因; 2=未测; 3=未转阴,未转阴; 无不良预后基因; 未测
prep_不良预后基因是否转阴备注,移植前_不良预后基因是否转阴备注,categorical,pre-test-p,9,0.0,"mode (fill=AML1-ETO/ABL 0.03%, n=238)",0=AML1-ETO/ABL 0.03%; 1=BCR/ABL  1.2%; 2=BCR/ABL P190 ; 3=DNMT3A; 4=WT1 0.13%; 5=WT1/ABL 0.19%; 6=WT1/ABL 0.28%; 7=WT1/ABL 0.46%; 8=WT1/ABL 0.53%；AML1/ETO 0.25%,AML1-ETO/ABL 0.03%; WT1/ABL 0.46%; BCR/ABL P190 
prep_检查日期_1,移植前_检查日期_1,date,pre-test-p,209,0.0,"mode (fill=2019-02-13, n=3)",,2017-10-19; 2017-12-07; 2019-02-23
prep_血红蛋白（HGB）,移植前_血红蛋白（HGB）,integer,pre-test-p,81,0.0,"median (fill=102.0, n=3)",,79.0; 109.0; 114.0
prep_白细胞总数（WBC）,移植前_白细胞总数（WBC）,float,pre-test-p,213,0.0,"median (fill=3.59, n=3)",,1.19; 5.17; 2.64
prep_血小板计数（PLT）,移植前_血小板计数（PLT）,float,pre-test-p,186,0.0,"median (fill=170.5, n=3)",,52.0; 283.0; 180.0
prep_中性粒细胞绝对值（NEUT）,移植前_中性粒细胞绝对值（NEUT）,float,pre-test-p,201,0.0,"median (fill=1.95, n=5)",,0.4; 3.37; 1.23
prep_检查日期_2,移植前_检查日期_2,date,pre-test-p,204,0.0,"mode (fill=2017-09-09, n=8)",,2017-10-28; 2017-10-09; 2018-09-04
prep_ABO,移植前_ABO,categorical,pre-test-p,4,0.0,"mode (fill=O, n=9)",0=A; 1=AB; 2=B; 3=O,B; O; A
prep_RH,移植前_RH,categorical,pre-test-p,2,0.0,"mode (fill=阳性, n=13)",0=阳性; 1=阴性,阳性; 阴性
prep_检查日期_3,移植前_检查日期_3,date,pre-test-p,194,0.0,"mode (fill=2019-02-12, n=10)",,2017-10-28; 2017-12-07; 2018-09-04
prep_直接抗人球蛋白实验,移植前_直接抗人球蛋白实验,categorical,pre-test-p,2,0.0,"mode (fill=阴性, n=10)",0=阳性; 1=阴性,阴性; 阳性
prep_直接抗人球蛋白实验备注,移植前_直接抗人球蛋白实验备注,categorical,pre-test-p,7,0.0,"mode (fill=0.5+, n=218)",0=+; 1=++; 2=+++; 3=0.5; 4=0.5+; 5=2+; 6=直接抗人球蛋白试验0.5+,0.5+; 直接抗人球蛋白试验0.5+; +
prep_抗体筛选实验,移植前_抗体筛选实验,categorical,pre-test-p,2,0.0,"mode (fill=阴性, n=15)",0=阳性; 1=阴性,阴性; 阳性
prep_抗体筛选实验备注,移植前_抗体筛选实验备注,categorical,pre-test-p,1,0.0,"mode (fill=3+, n=246)",0=3+,3+
prep_检查日期_4,移植前_检查日期_4,date,pre-test-p,166,0.0,"mode (fill=2017-05-11, n=54)",,2017-09-15; 2017-12-08; 2019-01-12
prep_铁蛋白,移植前_铁蛋白,float,pre-test-p,175,0.0,"median (fill=996.71, n=57)",,548.13; 902.28; 877.96
prep_移植前是否去铁治疗,移植前_移植前是否去铁治疗,categorical,pre-test-p,2,0.0,"mode (fill=否, n=156)",0=否; 1=是,否; 是
prep_检查日期_5,移植前_检查日期_5,date,pre-test-p,201,0.0,"mode (fill=2017-07-11, n=6)",,2017-10-12; 2017-12-07; 2019-02-23
prep_丙氨酸氨基转移酶（ALT）,移植前_丙氨酸氨基转移酶（ALT）,float,pre-test-p,197,0.0,"median (fill=24.2, n=5)",,21.9; 47.4; 19.9
prep_总蛋白（TP）,移植前_总蛋白（TP）,float,pre-test-p,164,0.0,"median (fill=67.6, n=5)",,67.0; 68.1; 67.6
prep_门冬氨酸氨基转移酶(AST),移植前_门冬氨酸氨基转移酶(AST),float,pre-test-p,180,0.0,"median (fill=22.1, n=4)",,29.8; 33.3; 13.4
prep_白蛋白（ALB）,移植前_白蛋白（ALB）,float,pre-test-p,143,0.0,"median (fill=44.6, n=5)",,43.4; 47.5; 44.2
prep_总胆红素（TBIL）,移植前_总胆红素（TBIL）,float,pre-test-p,119,0.0,"median (fill=9.4, n=4)",,16.2; 7.5; 7.8
prep_Γ-谷氨酰基转移酶（γ-GGT）,移植前_Γ-谷氨酰基转移酶（γ-GGT）,float,pre-test-p,201,0.0,"median (fill=27.7, n=4)",,58.6; 32.7; 21.8
prep_直接胆红素（DBIL）,移植前_直接胆红素（DBIL）,float,pre-test-p,46,0.0,"median (fill=1.7, n=6)",,4.6; 1.0; 1.1
prep_碱性磷酸酯酶（ALP）,移植前_碱性磷酸酯酶（ALP）,float,pre-test-p,221,0.0,"median (fill=88.30000000000001, n=5)",,58.4; 86.7; 74.1
prep_检查日期_6,移植前_检查日期_6,date,pre-test-p,204,0.0,"mode (fill=2017-07-11, n=5)",,2017-10-12; 2017-12-07; 2019-02-23
prep_肌酐(CREA),移植前_肌酐(CREA),float,pre-test-p,208,0.0,"median (fill=60.6, n=4)",,41.9; 66.3; 65.4
prep_尿酸（UA）,移植前_尿酸（UA）,float,pre-test-p,234,0.0,"median (fill=325.20000000000005, n=5)",,214.9; 387.2; 424.5
prep_尿素(UREA),移植前_尿素(UREA),float,pre-test-p,184,0.0,"median (fill=4.25, n=4)",,3.47; 4.38; 5.52
prep_检查日期_7,移植前_检查日期_7,date,pre-test-p,203,0.0,"mode (fill=2019-02-13, n=10)",,2017-07-16; 2017-12-07; 2019-02-24
prep_尿蛋白(PRO),移植前_尿蛋白(PRO),categorical,pre-test-p,4,0.0,"mode (fill=（-）, n=10)",0=（+++）; 1=（++）; 2=（+）; 3=（-）,（-）; （++）; （+）
prep_尿白细胞(LEU),移植前_尿白细胞(LEU),categorical,pre-test-p,3,0.0,"mode (fill=（-）, n=10)",0=（+++）; 1=（+）; 2=（-）,（-）; （+）; （+++）
prep_尿红细胞(BLD),移植前_尿红细胞(BLD),categorical,pre-test-p,4,0.0,"mode (fill=（-）, n=10)",0=（+++）; 1=（++）; 2=（+）; 3=（-）,（-）; （+）; （++）
prep_检查日期_8,移植前_检查日期_8,date,pre-test-p,188,0.0,"mode (fill=2018-10-16, n=34)",,2017-09-15; 2018-10-16; 2019-01-12
prep_抗链球菌溶血素“O”（ASO）,移植前_抗链球菌溶血素“O”（ASO）,float,pre-test-p,117,0.0,"median (fill=41.8, n=97)",,102.0; 41.8; 44.4
prep_类风湿因子（RF）,移植前_类风湿因子（RF）,float,pre-test-p,10,0.0,"median (fill=20.0, n=37)",,20.0; 22.6; 24.1
prep_C反应蛋白（CRP）,移植前_C反应蛋白（CRP）,float,pre-test-p,110,0.0,"median (fill=4.5, n=66)",,2.8; 4.5; 2.9
prep_抗环瓜氨酸肽抗体（CCP-Ab）,移植前_抗环瓜氨酸肽抗体（CCP-Ab）,float,pre-test-p,12,0.0,"median (fill=1.0, n=41)",,0.8; 1.0; 0.5
prep_检查日期_9,移植前_检查日期_9,date,pre-test-p,178,0.0,"mode (fill=2017-12-01, n=43)",,2017-09-15; 2017-12-01; 2019-01-12
prep_IgG,移植前_IgG,float,pre-test-p,134,0.0,"median (fill=10.2, n=43)",,10.9; 10.2; 11.4
prep_IgE,移植前_IgE,float,pre-test-p,88,0.0,"median (fill=20.0, n=43)",,67.0; 20.0; 5.0
prep_IgA,移植前_IgA,float,pre-test-p,143,0.0,"median (fill=1.275, n=43)",,3.13; 1.275; 1.47
prep_C3,移植前_C3,float,pre-test-p,83,0.0,"median (fill=0.92, n=63)",,1.04; 0.92; 0.94
prep_IgM,移植前_IgM,float,pre-test-p,122,0.0,"median (fill=0.75, n=43)",,2.29; 0.75; 1.03
prep_C4,移植前_C4,float,pre-test-p,135,0.0,"median (fill=23.2, n=63)",,20.8; 23.2; 26.0
prep_检查日期_10,移植前_检查日期_10,date,pre-test-p,205,0.0,"mode (fill=2019-02-13, n=4)",,2017-10-12; 2017-12-07; 2019-02-23
prep_PT,移植前_PT,float,pre-test-p,51,0.0,"median (fill=10.8, n=5)",,13.0; 8.5; 10.5
prep_INR,移植前_INR,float,pre-test-p,45,0.0,"median (fill=0.93, n=5)",,1.1; 0.73; 0.97
prep_APTT,移植前_APTT,float,pre-test-p,136,0.0,"median (fill=29.1, n=4)",,34.3; 24.6; 30.4
prep_D2-F,移植前_D2-F,float,pre-test-p,99,0.0,"median (fill=0.31, n=76)",,0.65; 0.59; 0.31
prep_检查日期_11,移植前_检查日期_11,date,pre-test-p,182,0.0,"mode (fill=2018-10-16, n=27)",,2017-09-18; 2018-10-16; 2019-01-14
prep_抗核抗体谱,移植前_抗核抗体谱,categorical,pre-test-p,2,0.0,"mode (fill=全阴性, n=27)",0=全阴性; 1=部分阳性,全阴性; 部分阳性
prep_抗核抗体谱备注,移植前_抗核抗体谱备注,categorical,pre-test-p,26,0.0,"mode (fill=ANA滴度1:100, n=217)",0=ANA滴度1:100; 1=ANA滴度1:100阳性; 2=RO-52弱阳性; 3=Ro-52; 4=Ro-52阳性; 5=Ro-52阳性，ANA滴度1:100阳性; 6=抗JO-1抗体; 7=抗NR/VP/SM抗体、RO-52、ANA滴度1:100; 8=抗PM-Scl抗体; 9=抗PM-Scl抗体弱阳性; 10=抗PM-Scl阳性; 11=抗SSA弱阳; 12=抗SSA抗体弱阳性，Ro-52弱阳性，ANA滴度1：100阳性; 13=抗SSA抗体阳性; 14=抗SSA抗体，抗SS-B抗体，ANA滴度1:100阳性; 15=抗dsDNA  弱阳; 16=抗nRNP/SM抗体; 17=抗nRNP/Sm抗体; 18=抗nRNP/Sm抗体、抗Sm抗体; 19=抗scl-70; 20=抗增殖细胞核抗原抗体弱阳性; 21=抗增殖细胞核抗原抗体（阳性），抗线粒体M2亚型抗体（弱阳性）; 22=抗增殖细胞核抗原（抗PCNA）; 23=抗着丝点抗体弱阳性; 24=抗线粒体M2亚型抗体; 25=抗线粒体M2亚型抗体弱阳性,ANA滴度1:100; 抗SSA抗体，抗SS-B抗体，ANA滴度1:100阳性; Ro-52
prep_检查日期_12,移植前_检查日期_12,date,pre-test-p,209,0.0,"mode (fill=2018-01-13, n=7)",,2017-10-28; 2017-12-07; 2018-09-04
prep_HIV,移植前_HIV,categorical,pre-test-p,1,0.0,"mode (fill=阴性, n=7)",0=阴性,阴性
prep_梅毒,移植前_梅毒,categorical,pre-test-p,2,0.0,"mode (fill=阴性, n=8)",0=阳性; 1=阴性,阴性; 阳性
prep_HCV,移植前_HCV,categorical,pre-test-p,1,0.0,"mode (fill=阴性, n=7)",0=阴性,阴性
prep_检查日期_13,移植前_检查日期_13,date,pre-test-p,206,0.0,"mode (fill=2018-01-13, n=8)",,2017-10-28; 2017-12-07; 2018-09-04
prep_HBsAg（乙肝表面抗原）,移植前_HBsAg（乙肝表面抗原）,categorical,pre-test-p,2,0.0,"mode (fill=阴性, n=9)",0=阳性; 1=阴性,阴性; 阳性
prep_HDVAb（丁肝抗体）,移植前_HDVAb（丁肝抗体）,categorical,pre-test-p,2,0.0,"mode (fill=阴性, n=9)",0=阳性; 1=阴性,阴性; 阳性
prep_HBsAb（乙肝表面抗体）,移植前_HBsAb（乙肝表面抗体）,categorical,pre-test-p,2,0.0,"mode (fill=阳性, n=9)",0=阳性; 1=阴性,阳性; 阴性
prep_HEVAb（戊肝抗体）,移植前_HEVAb（戊肝抗体）,categorical,pre-test-p,1,0.0,"mode (fill=阴性, n=11)",0=阴性,阴性
prep_HAVAb（甲肝抗体）,移植前_HAVAb（甲肝抗体）,categorical,pre-test-p,2,0.0,"mode (fill=阴性, n=9)",0=阳性; 1=阴性,阴性; 阳性
prep_检查日期_14,移植前_检查日期_14,date,pre-test-p,146,0.0,"mode (fill=2017-10-30, n=71)",,2017-10-30; 2017-10-09; 2018-08-01
prep_巨细胞病毒DNA定量,移植前_巨细胞病毒DNA定量,categorical,pre-test-p,2,0.0,"mode (fill=阴性, n=71)",0=阳性; 1=阴性,阴性; 阳性
prep_巨细胞病毒DNA定量备注,移植前_巨细胞病毒DNA定量备注,float,pre-test-p,5,0.0,"median (fill=33.3, n=243)",,33.3; 35.1; 25.4
prep_检查日期_15,移植前_检查日期_15,date,pre-test-p,160,0.0,"mode (fill=2017-10-30, n=57)",,2017-10-30; 2018-08-01; 2017-10-11
prep_EB病毒核酸,移植前_EB病毒核酸,categorical,pre-test-p,2,0.0,"mode (fill=阴性, n=57)",0=阳性; 1=阴性,阴性; 阳性
prep_EB病毒核酸备注,移植前_EB病毒核酸备注,categorical,pre-test-p,33,0.0,"mode (fill=1,30E+003, n=214)","0=1,30E+003; 1=1.02E+004; 2=1.18E+003; 3=1.20E+002; 4=1.29E+003; 5=1.2E+002; 6=1.43E+002; 7=1.43E+003; 8=1.49E+002; 9=1.61E+002; 10=2.03E+002; 11=2.79E+002IU/ml; 12=3.10E+002; 13=3.27E+003; 14=3.46E+004; 15=4.01E+001; 16=4.22E+002; 17=4.47E+003; 18=4.74E+003; 19=5.61E+001; 20=5.85E+002; 21=6.57E+002; 22=7.66E+002; 23=7.79E+003; 24=8.18E+003; 25=8.85E+003; 26=9.41E+002; 27=9.61E+002; 28=9.70E+003; 29=9.82E+002; 30=EB-IgA 4.21AU/ml 、EB-IgG 16.18AU/ml; 31=血1.41E+002; 32=血2.43E+002","1,30E+003; 5.85E+002; 1.49E+002"
prep_检查日期_16,移植前_检查日期_16,date,pre-test-p,180,0.0,"mode (fill=2017-12-01, n=34)",,2017-10-30; 2017-12-01; 2019-01-14
prep_弓形虫抗体,移植前_弓形虫抗体,categorical,pre-test-p,3,0.0,"mode (fill=均阴性, n=34)",0=IgG; 1=IgM; 2=均阴性,均阴性; IgG; IgM
prep_单纯疱疹病毒抗体,移植前_单纯疱疹病毒抗体,categorical,pre-test-p,3,0.0,"mode (fill=IgG, n=34)",0=IgG; 1=IgM; 2=均阴性,IgG; 均阴性; IgM
prep_风疹病毒抗体,移植前_风疹病毒抗体,categorical,pre-test-p,3,0.0,"mode (fill=IgG, n=34)",0=IgG; 1=IgM; 2=均阴性,IgG; 均阴性; IgM
prep_巨细胞病毒抗体,移植前_巨细胞病毒抗体,categorical,pre-test-p,3,0.0,"mode (fill=IgG, n=34)",0=IgG; 1=IgM; 2=均阴性,IgG; 均阴性; IgM
prep_检查日期_17,移植前_检查日期_17,date,pre-test-p,199,0.0,"mode (fill=2017-12-01, n=13)",,2017-09-15; 2017-10-09; 2019-01-13
prep_心电图,移植前_心电图,categorical,pre-test-p,4,0.0,"mode (fill=正常, n=6)",0=异常，无临床意义; 1=异常，有临床意义; 2=未检查; 3=正常,异常，无临床意义; 正常; 未检查
prep_心电图备注,移植前_心电图备注,categorical,pre-test-p,27,0.0,"mode (fill=窦性心动过速, n=177)",0=1.窦性心律；2.房性早搏; 1=T波改变; 2=完全性右束支阻滞; 3=左心室肥大; 4=心动过速; 5=房性早搏; 6=窦性心动过缓; 7=窦性心动过缓伴不齐; 8=窦性心动过速; 9=窦性心动过速，; 10=窦性心动过速，T波改变; 11=窦性心动过速，左心房肥大; 12=窦性心动过速，提示右心房肥大; 13=窦性心动过速，电轴左偏，T波改变; 14=窦性心动过速；左心室肥大; 15=窦性心律; 16=窦性心律不齐; 17=窦性心律不齐，T波改变; 18=窦性心律过缓; 19=窦性心律过速; 20=窦性心律，ST-T改变; 21=窦性心律，T波改变; 22=窦性心律，一度房室传导阻滞; 23=窦性心律，左前分支传导阻滞; 24=窦性心律，电轴右偏; 25=窦性心律，电轴右偏，RV1、V2电压增高; 26=窦性心律，肢导联低电压,窦性心律，T波改变; 窦性心动过速; 窦性心律过速
prep_检查日期_18,移植前_检查日期_18,date,pre-test-p,181,0.0,"mode (fill=2017-12-01, n=38)",,2017-09-15; 2017-10-09; 2019-01-12
prep_心脏超声,移植前_心脏超声,categorical,pre-test-p,4,0.0,"mode (fill=异常，无临床意义, n=11)",0=异常，无临床意义; 1=异常，有临床意义; 2=未检查; 3=正常,异常，无临床意义; 正常; 未检查
prep_心脏超声备注,移植前_心脏超声备注,categorical,pre-test-p,86,0.0,"mode (fill=三尖瓣局限性反流, n=104)",0=1.三尖瓣局限性反流，反流压差稍增光; 1=1.三尖瓣轻度返流，反流压差增高；2.三尖瓣局限性反流；3.左室舒张功能减退。; 2=1.主动脉二尖瓣畸形，微量反流，2.三尖瓣微量返流。诊断先天性心脏病; 3=1.主动脉窦部增宽；2.三尖瓣局限性反流；3.左室舒张功能减退; 4=1.主动脉窦部增宽；2.二尖瓣、三尖瓣局限性反流；3.左室舒张功能减退。; 5=1.主动脉窦部稍增宽；2.三尖瓣局限性反流；3.左室舒张功能减退。; 6=1.二尖瓣、三尖瓣局限性反流；2.左室舒张功能减退。; 7=1.二尖瓣瓣上血流速度增快，局限性反流；2.三尖瓣局限性反流；3.左室舒张功能减退；4.心包腔少量积液。; 8=1.左室舒张功能减退，2.心包腔少量积液; 9=1.左房、左室增大；2.三尖瓣局限性反流，反流压差增高; ... (86 total classes),二尖瓣。三尖瓣局限性反流; 1.二尖瓣、三尖瓣局限性反流；2.左室舒张功能减退。; 三尖瓣局限性反流
prep_检查日期_19,移植前_检查日期_19,date,pre-test-p,191,0.0,"mode (fill=2018-01-12, n=26)",,2017-09-15; 2018-01-12; 2019-01-12
prep_腹部超声,移植前_腹部超声,categorical,pre-test-p,4,0.0,"mode (fill=正常, n=10)",0=异常，无临床意义; 1=异常，有临床意义; 2=未检查; 3=正常,异常，无临床意义; 未检查; 正常
prep_腹部超声备注,移植前_腹部超声备注,categorical,pre-test-p,82,0.0,"mode (fill=脾大, n=133)",0=1.肝实质回声增多，请结合肝功；2.胆囊壁粗糙；3.脾稍大。; 1=1.胆囊壁胆固醇结晶；2.脾大；3.双肾囊肿。; 2=1.胆囊小结节；2脾稍大; 3=1.脂肪肝，2.脾大; 4=1.脾大；2.脾内高回声结节，考虑血管瘤; 5=1.脾稍大2.左肾囊肿; 6=1.脾门处淋巴结肿大        2.胆囊息肉     3.左肾囊肿; 7=1、肝实质回声略增粗；2、胆囊结石; 8=1胰腺腺体回声欠均匀；2腹盆腔积液；3胆囊壁粗糙增厚；4脾大; 9=1，胆囊壁胆固醇结晶2，脾大 ; ... (82 total classes),脂肪肝; 脾大; 肝小囊肿，胆囊结石，脾大
prep_检查日期_20,移植前_检查日期_20,date,pre-test-p,146,0.0,"mode (fill=2019-04-18, n=82)",,2019-04-18; 2017-12-06; 2019-03-22
prep_胸片,移植前_胸片,categorical,pre-test-p,4,0.0,"mode (fill=正常, n=45)",0=异常，无临床意义; 1=异常，有临床意义; 2=未检查; 3=正常,正常; 异常，无临床意义; 未检查
prep_胸片备注,移植前_胸片备注,categorical,pre-test-p,30,0.0,"mode (fill=双肺纹理增多, n=210)","0=1.右下肺感染可能；2.心影轻度增大。; 1=双上肺继发性肺结核可能，左侧膈面抬高，左侧少量胸腔积液; 2=双肺多发磨玻璃模糊影，炎症可能，右肺中叶，左上叶舌段及双下肺纤维灶; 3=双肺感染可能; 4=双肺纹理增多; 5=双肺纹理增多,右肺中叶少许纤维灶; 6=双肺纹理增多，右下肺稍模糊，右下肺见高密度影，; 7=双肺纹理增多，左下肺局部纹理稍模糊; 8=双肺纹理增多，心影增大; 9=双肺纹理增多，模糊; 10=双肺纹理增多，稍模糊; 11=双肺纹理增粗; 12=双肺纹理增粗，肝右后叶结节; 13=双肺纹理模糊; 14=双肺纹理稍增多; 15=双肺纹理稍多。; 16=双飞散在炎症可能; 17=右下肺小片状模糊影; 18=右侧少量胸腔积液不排除; 19=右肺 中叶内侧段，少许条索影，前上纵膈可见斑片状软组织密度影，大约2×4厘米，与邻近心包分界不清，; 20=右肺中下野纤维硬结灶可能; 21=左上肺纤维硬结灶; 22=左上肺野局部浅淡小结节影; 23=左下肋膈角区少许感染可能; 24=左下肺纹理稍模糊; 25=左侧约中量胸腔积液伴左下肺被动性不张或感染可能; 26=左侧胸腔可见片状无肺纹理区，肺组织压缩约5%; 27=左肺感染可能; 28=心影增大; 29=肺纹理增多",双肺纹理增多; 左下肺纹理稍模糊; 双肺纹理增多，左下肺局部纹理稍模糊
prep_检查日期_21,移植前_检查日期_21,date,pre-test-p,202,0.0,"mode (fill=2018-01-26, n=13)",,2017-10-13; 2017-12-05; 2019-01-12
prep_肺CT,移植前_肺CT,categorical,pre-test-p,4,0.0,"mode (fill=异常，无临床意义, n=7)",0=异常，无临床意义; 1=异常，有临床意义; 2=未检查; 3=正常,正常; 异常，无临床意义; 异常，有临床意义
prep_肺CT备注,移植前_肺CT备注,text (free-form),pre-test-p,160,0.0,"mode (fill=脾大, n=86)",skipped (high cardinality (160 unique)),
pred_检查日期,移植后_检查日期,date,pre-test-d,162,0.0,"mode (fill=2018-05-22, n=66)",,2017-09-15; 2018-05-22; 2019-01-11
pred_血红蛋白（HGB）,移植后_血红蛋白（HGB）,float,pre-test-d,59,0.0,"median (fill=145.5, n=65)",,136.0; 145.5; 15.3
pred_白细胞总数（WBC）,移植后_白细胞总数（WBC）,float,pre-test-d,157,0.0,"median (fill=6.195, n=65)",,6.58; 6.195; 5.1
pred_血小板计数（PLT）,移植后_血小板计数（PLT）,integer,pre-test-d,127,0.0,"median (fill=208.0, n=64)",,279.0; 208.0; 95.0
pred_中性粒细胞绝对值（NEUT）,移植后_中性粒细胞绝对值（NEUT）,float,pre-test-d,146,0.0,"median (fill=3.65, n=68)",,3.67; 3.65; 3.36
pred_检查日期_1,移植后_检查日期_1,date,pre-test-d,171,0.0,"mode (fill=2016-12-17, n=57)",,2017-09-15; 2017-12-19; 2019-01-11
pred_ABO,移植后_ABO,categorical,pre-test-d,4,0.0,"mode (fill=O, n=41)",0=A; 1=AB; 2=B; 3=O,O; AB; A
pred_RH,移植后_RH,categorical,pre-test-d,1,0.0,"mode (fill=阳性, n=44)",0=阳性,阳性
pred_检查日期_2,移植后_检查日期_2,date,pre-test-d,131,0.0,"mode (fill=2016-12-17, n=108)",,2016-12-17; 2018-08-09; 2017-10-29
pred_直接抗人球蛋白实验,移植后_直接抗人球蛋白实验,categorical,pre-test-d,2,0.0,"mode (fill=阴性, n=112)",0=阳性; 1=阴性,阴性; 阳性
pred_直接抗人球蛋白实验备注,移植后_直接抗人球蛋白实验备注,categorical,pre-test-d,2,0.0,"mode (fill=+, n=245)",0=+; 1=0.5,+; 0.5
pred_抗体筛选实验,移植后_抗体筛选实验,categorical,pre-test-d,1,0.0,"mode (fill=阴性, n=112)",0=阴性,阴性
pred_检查日期_3,移植后_检查日期_3,date,pre-test-d,15,0.0,"mode (fill=2017-05-18, n=232)",,2017-05-18; 2017-06-19; 2018-01-03
pred_铁蛋白,移植后_铁蛋白,float,pre-test-d,15,0.0,"median (fill=65.63, n=232)",,65.63; 372.56; 197.2
pred_检查日期_4,移植后_检查日期_4,date,pre-test-d,153,0.0,"mode (fill=2018-06-23, n=75)",,2017-09-15; 2018-06-23; 2019-01-11
pred_丙氨酸氨基转移酶（ALT）,移植后_丙氨酸氨基转移酶（ALT）,float,pre-test-d,135,0.0,"median (fill=19.6, n=74)",,11.8; 19.6; 13.8
pred_总蛋白（TP）,移植后_总蛋白（TP）,float,pre-test-d,113,0.0,"median (fill=74.15, n=75)",,77.1; 74.15; 77.8
pred_门冬氨酸氨基转移酶(AST),移植后_门冬氨酸氨基转移酶(AST),float,pre-test-d,130,0.0,"median (fill=20.25, n=75)",,23.2; 20.25; 16.9
pred_白蛋白（ALB）,移植后_白蛋白（ALB）,float,pre-test-d,97,0.0,"median (fill=49.75, n=75)",,50.9; 49.75; 48.9
pred_总胆红素（TBIL）,移植后_总胆红素（TBIL）,float,pre-test-d,107,0.0,"median (fill=13.0, n=75)",,13.6; 13.0; 13.2
pred_Γ-谷氨酰基转移酶（γ-GGT）,移植后_Γ-谷氨酰基转移酶（γ-GGT）,float,pre-test-d,139,0.0,"median (fill=20.9, n=76)",,31.4; 20.9; 29.9
pred_直接胆红素（DBIL）,移植后_直接胆红素（DBIL）,float,pre-test-d,43,0.0,"median (fill=2.25, n=75)",,2.3; 2.25; 2.5
pred_碱性磷酸酯酶（ALP）,移植后_碱性磷酸酯酶（ALP）,float,pre-test-d,162,0.0,"median (fill=76.3, n=76)",,184.2; 76.3; 66.0
pred_检查日期_5,移植后_检查日期_5,date,pre-test-d,152,0.0,"mode (fill=2018-06-23, n=75)",,2017-09-15; 2018-06-23; 2019-01-11
pred_肌酐(CREA),移植后_肌酐(CREA),float,pre-test-d,153,0.0,"median (fill=69.25, n=75)",,40.6; 69.25; 90.6
pred_尿酸（UA）,移植后_尿酸（UA）,float,pre-test-d,165,0.0,"median (fill=341.5, n=74)",,365.9; 341.5; 344.7
pred_尿素(UREA),移植后_尿素(UREA),float,pre-test-d,141,0.0,"median (fill=5.11, n=76)",,4.15; 5.11; 6.29
pred_检查日期_6,移植后_检查日期_6,date,pre-test-d,144,0.0,"mode (fill=2017-07-17, n=89)",,2017-09-16; 2017-07-17; 2019-01-11
pred_尿蛋白(PRO),移植后_尿蛋白(PRO),categorical,pre-test-d,4,0.0,"mode (fill=（-）, n=87)",0=（+++）; 1=（++）; 2=（+）; 3=（-）,（-）; （+++）; （+）
pred_尿白细胞(LEU),移植后_尿白细胞(LEU),categorical,pre-test-d,4,0.0,"mode (fill=（-）, n=87)",0=（+++）; 1=（++）; 2=（+）; 3=（-）,（-）; （++）; （+）
pred_尿红细胞(BLD),移植后_尿红细胞(BLD),categorical,pre-test-d,4,0.0,"mode (fill=（-）, n=88)",0=（+++）; 1=（++）; 2=（+）; 3=（-）,（-）; （+++）; （+）
pred_检查日期_7,移植后_检查日期_7,date,pre-test-d,150,0.0,"mode (fill=2018-03-20, n=82)",,2017-09-15; 2018-03-20; 2019-01-12
pred_抗链球菌溶血素“O”（ASO）,移植后_抗链球菌溶血素“O”（ASO）,float,pre-test-d,102,0.0,"median (fill=46.4, n=114)",,31.7; 46.4; 20.0
pred_类风湿因子（RF）,移植后_类风湿因子（RF）,float,pre-test-d,8,0.0,"median (fill=20.0, n=83)",,20.0; 46.6; 220.0
pred_C反应蛋白（CRP）,移植后_C反应蛋白（CRP）,float,pre-test-d,42,0.0,"median (fill=1.9, n=113)",,2.0; 1.9; 2.4
pred_抗环瓜氨酸肽抗体（CCP-Ab）,移植后_抗环瓜氨酸肽抗体（CCP-Ab）,float,pre-test-d,10,0.0,"median (fill=0.5, n=83)",,0.5; 1.0; 1.3
pred_检查日期_8,移植后_检查日期_8,date,pre-test-d,138,0.0,"mode (fill=2016-12-17, n=98)",,2017-09-15; 2016-12-17; 2019-01-12
pred_IgG,移植后_IgG,float,pre-test-d,86,0.0,"median (fill=11.8, n=98)",,31.7; 11.8; 9.83
pred_IgE,移植后_IgE,integer,pre-test-d,92,0.0,"median (fill=47.0, n=99)",,209.0; 47.0; 81.0
pred_IgA,移植后_IgA,float,pre-test-d,118,0.0,"median (fill=2.045, n=99)",,2.48; 2.045; 2.39
pred_C3,移植后_C3,float,pre-test-d,60,0.0,"median (fill=0.91, n=114)",,0.91; 0.86; 0.67
pred_IgM,移植后_IgM,float,pre-test-d,109,0.0,"median (fill=1.24, n=98)",,3.55; 1.24; 2.71
pred_C4,移植后_C4,float,pre-test-d,99,0.0,"median (fill=19.4, n=115)",,19.4; 22.1; 10.7
pred_检查日期_9,移植后_检查日期_9,date,pre-test-d,157,0.0,"mode (fill=2018-05-22, n=70)",,2017-09-15; 2018-05-22; 2019-01-11
pred_PT,移植后_PT,float,pre-test-d,37,0.0,"median (fill=10.9, n=69)",,13.2; 10.9; 9.4
pred_INR,移植后_INR,float,pre-test-d,35,0.0,"median (fill=0.95, n=69)",,1.14; 0.95; 0.8
pred_APTT,移植后_APTT,float,pre-test-d,107,0.0,"median (fill=26.9, n=68)",,29.3; 26.9; 27.7
pred_D2-F,移植后_D2-F,float,pre-test-d,47,0.0,"median (fill=0.13, n=148)",,0.13; 0.06; 0.04
pred_检查日期_10,移植后_检查日期_10,date,pre-test-d,141,0.0,"mode (fill=2018-01-03, n=77)",,2017-09-18; 2018-01-03; 2019-01-14
pred_抗核抗体谱,移植后_抗核抗体谱,categorical,pre-test-d,2,0.0,"mode (fill=全阴性, n=77)",0=全阴性; 1=部分阳性,全阴性; 部分阳性
pred_抗核抗体谱备注,移植后_抗核抗体谱备注,categorical,pre-test-d,23,0.0,"mode (fill=RO-52, n=223)",0=AHA; 1=AHA弱阳性; 2=AMA-M2; 3=ANA滴度1:100阳性; 4=ANA滴度1:100阳性1+; 5=ANA滴度1:100阳性，ANA滴度1:320阳性; 6=ANA滴度1:100，弱阳性; 7=RO-52; 8=抗Jo-1抗体弱阳性; 9=抗PCNA; 10=抗PM-SCL; 11=抗PM-Scl抗体弱阳性; 12=抗PM-Scl抗体阳性，ANA滴度1:100阳性; 13=抗PM-scl; 14=抗PM-scl抗体 弱阳性; 15=抗nRNP/Sm抗体; 16=抗nRNP/Sm抗体，ANA滴度1:100阳性; 17=抗scl-70抗体; 18=抗增殖细胞核抗原抗体阳性; 19=抗核糖体P蛋白抗体阳性; 20=抗着丝点抗体; 21=抗着丝点抗体弱阳性; 22=抗着丝点抗体阳性,RO-52; 抗nRNP/Sm抗体，ANA滴度1:100阳性; 抗着丝点抗体弱阳性
pred_检查日期_11,移植后_检查日期_11,date,pre-test-d,163,0.0,"mode (fill=2018-05-22, n=52)",,2017-09-15; 2017-12-19; 2019-01-11
pred_HIV,移植后_HIV,categorical,pre-test-d,1,0.0,"mode (fill=阴性, n=40)",0=阴性,阴性
pred_梅毒,移植后_梅毒,categorical,pre-test-d,2,0.0,"mode (fill=阴性, n=38)",0=阳性; 1=阴性,阴性; 阳性
pred_HCV,移植后_HCV,categorical,pre-test-d,1,0.0,"mode (fill=阴性, n=44)",0=阴性,阴性
pred_检查日期_12,移植后_检查日期_12,date,pre-test-d,165,0.0,"mode (fill=2018-05-22, n=54)",,2017-09-15; 2017-12-19; 2019-01-11
pred_HBsAg（乙肝表面抗原）,移植后_HBsAg（乙肝表面抗原）,categorical,pre-test-d,2,0.0,"mode (fill=阴性, n=42)",0=阳性; 1=阴性,阴性; 阳性
pred_HDVAb（丁肝抗体）,移植后_HDVAb（丁肝抗体）,categorical,pre-test-d,1,0.0,"mode (fill=阴性, n=42)",0=阴性,阴性
pred_HBsAb（乙肝表面抗体）,移植后_HBsAb（乙肝表面抗体）,categorical,pre-test-d,2,0.0,"mode (fill=阴性, n=42)",0=阳性; 1=阴性,阴性; 阳性
pred_HEVAb（戊肝抗体）,移植后_HEVAb（戊肝抗体）,categorical,pre-test-d,2,0.0,"mode (fill=阴性, n=42)",0=阳性; 1=阴性,阴性; 阳性
pred_HAVAb（甲肝抗体）,移植后_HAVAb（甲肝抗体）,categorical,pre-test-d,1,0.0,"mode (fill=阴性, n=42)",0=阴性,阴性
pred_检查日期_13,移植后_检查日期_13,date,pre-test-d,92,0.0,"mode (fill=2017-06-16, n=143)",,2017-09-18; 2017-06-16; 2018-08-09
pred_巨细胞病毒DNA定量,移植后_巨细胞病毒DNA定量,categorical,pre-test-d,2,0.0,"mode (fill=阴性, n=134)",0=阳性; 1=阴性,阴性; 阳性
pred_巨细胞病毒DNA定量备注,移植后_巨细胞病毒DNA定量备注,integer,pre-test-d,1,0.0,"median (fill=209.0, n=246)",,209.0
pred_检查日期_14,移植后_检查日期_14,date,pre-test-d,115,0.0,"mode (fill=2016-12-17, n=123)",,2017-09-18; 2016-12-17; 2018-08-09
pred_EB病毒核酸,移植后_EB病毒核酸,categorical,pre-test-d,2,0.0,"mode (fill=阴性, n=124)",0=阳性; 1=阴性,阴性; 阳性
pred_EB病毒核酸备注,移植后_EB病毒核酸备注,categorical,pre-test-d,44,0.0,"mode (fill=1.06E+002, n=203)",0=1.06E+002; 1=1.14E+002; 2=1.27E+003; 3=1.37E+002; 4=1.42E+003; 5=1.54E+003; 6=1.5E+003; 7=1.71E+003; 8=1.82E+002; 9=1.83E+003; 10=2.02E+003; 11=2.07E+002; 12=2.09E+002; 13=2.11E+002; 14=2.19E+003; 15=2.43E+003; 16=2.62E+002; 17=3.49E+002; 18=3.72E+002; 19=4.22E+002; 20=4.27E+003; 21=4.41E+002; 22=4.44E+003; 23=4.45E+002; 24=4.77E+001; 25=4.82E+002; 26=4.86E+002; 27=4.99E+002; 28=5.16E+002; 29=5.6E+002; 30=5.73E+002; 31=6.64E+002; 32=6.66E+002; 33=6.73E+002; 34=7.03E+002; 35=7.32E+002; 36=7.87E+001; 37=7.98E+002; 38=8.24E+001; 39=9.54E+002; 40=EB-IgG:36.70; 41=IgG 24.31; 42=血3.85E+002; 43=血4.50E+002,1.06E+002; 6.66E+002; 2.07E+002
pred_检查日期_15,移植后_检查日期_15,date,pre-test-d,145,0.0,"mode (fill=2016-12-17, n=81)",,2017-09-15; 2016-12-17; 2019-01-11
pred_弓形虫抗体,移植后_弓形虫抗体,categorical,pre-test-d,3,0.0,"mode (fill=均阴性, n=81)",0=IgG; 1=IgM; 2=均阴性,IgG; 均阴性; IgM
pred_单纯疱疹病毒抗体,移植后_单纯疱疹病毒抗体,categorical,pre-test-d,3,0.0,"mode (fill=IgG, n=81)",0=IgG; 1=IgM; 2=均阴性,均阴性; IgG; IgM
pred_风疹病毒抗体,移植后_风疹病毒抗体,categorical,pre-test-d,2,0.0,"mode (fill=IgG, n=82)",0=IgG; 1=均阴性,IgG; 均阴性
pred_巨细胞病毒抗体,移植后_巨细胞病毒抗体,categorical,pre-test-d,2,0.0,"mode (fill=IgG, n=81)",0=IgG; 1=均阴性,均阴性; IgG
pred_检查日期_16,移植后_检查日期_16,date,pre-test-d,156,0.0,"mode (fill=2017-05-12, n=69)",,2017-09-15; 2017-05-12; 2019-01-11
pred_心电图,移植后_心电图,categorical,pre-test-d,3,0.0,"mode (fill=正常, n=43)",0=异常，无临床意义; 1=未检查; 2=正常,正常; 未检查; 异常，无临床意义
pred_心电图备注,移植后_心电图备注,categorical,pre-test-d,24,0.0,"mode (fill=窦性心动过速, n=212)",0=1.窦性心律；2.电轴左偏。; 1=1、窦性心律，2、T波改变; 2=不完全右束支传导阻滞; 3=偶发室性早搏; 4=左室高电压，ST段抬高; 5=左心室肥大; 6=电轴右偏; 7=窦性心动过缓; 8=窦性心动过缓律不齐58次/分; 9=窦性心动过速; 10=窦性心律不齐; 11=窦性心律，ST-T改变; 12=窦性心律，偶发房性早搏; 13=窦性心律，完全性右束支阻滞; 14=窦性心律，室性早搏，T波改变; 15=窦性心律，左室高电压; 16=窦性心律，房性早搏; 17=窦性心律，点粥左偏; 18=窦性心律，电轴左偏; 19=窦性心率; 20=窦性心率不齐; 21=窦性心率过速; 22=窦性心率，左室高电压; 23=窦缓,窦性心动过速; 窦性心律，偶发房性早搏; 窦性心律，左室高电压
pred_检查日期_17,移植后_检查日期_17,date,pre-test-d,73,0.0,"mode (fill=2017-08-03, n=173)",,2017-09-15; 2017-08-03; 2019-01-11
pred_心脏超声,移植后_心脏超声,categorical,pre-test-d,4,0.0,"mode (fill=未检查, n=89)",0=异常，无临床意义; 1=异常，有临床意义; 2=未检查; 3=正常,异常，无临床意义; 未检查; 正常
pred_心脏超声备注,移植后_心脏超声备注,categorical,pre-test-d,30,0.0,"mode (fill=三尖瓣局限性反流, n=201)",0=1.室间隔增厚，2.二尖瓣、三尖瓣局限性反流，3.左室舒张功能减退; 1=1.心脏各腔室大小正常；2.三尖瓣局限性反流；3.左室舒张功能减退; 2=1:心脏各腔室大小正常，主动脉窦部增宽          2：心功能检测正常; 3=三尖瓣局限性反流; 4=三尖瓣局限性反流，左室舒张功能减退; 5=三尖瓣局限性返流，左室舒张功能减低; 6=三尖瓣局限性返流，左室舒张功能减退; 7=三尖瓣微量反流; 8=三尖瓣轻度性反流，二尖瓣局限性反流; 9=主动脉瓣右冠瓣略脱垂，轻度反流; 10=主动脉窦部增宽; 11=主动脉窦部增宽；三尖瓣微量返流；左室舒张功能减退；室间隔增厚; 12=主动脉窦部稍增宽，左室舒张功能减退; 13=二三尖瓣微量反流; 14=二尖瓣、三尖瓣、主动脉瓣局限性反流，左室舒张功能减退; 15=二尖瓣、三尖瓣局限性反流; 16=二尖瓣、三尖瓣局限性反流，左室舒张功能减退; 17=二尖瓣、三尖瓣局限性反流；左室舒张功能减退; 18=二尖瓣局部反流; 19=二尖瓣局限性反流，左室舒张功能减退; 20=二尖瓣，三尖瓣局限性反流；左室舒张功能减退。; 21=室间隔增厚，左室舒张功能减退; 22=室间隔稍增厚; 23=左室舒张功能减退; 24=左室舒张功能减退。; 25=左室舒张功能减退，三尖瓣局限性返流; 26=左房增大，三尖瓣局限性反流，左室舒张松弛降低; 27=左房增大，三尖瓣微量返流; 28=心脏各腔室大小正常，主动脉窦部及升部增宽，左室舒张功能减退; 29=肺动脉瓣局限性反流,三尖瓣局限性反流; 左室舒张功能减退; 肺动脉瓣局限性反流
pred_检查日期_18,移植后_检查日期_18,date,pre-test-d,148,0.0,"mode (fill=2016-12-17, n=85)",,2017-09-15; 2016-12-17; 2019-01-11
pred_腹部超声,移植后_腹部超声,categorical,pre-test-d,4,0.0,"mode (fill=正常, n=47)",0=异常，无临床意义; 1=异常，有临床意义; 2=未检查; 3=正常,正常; 异常，有临床意义; 未检查
pred_腹部超声备注,移植后_腹部超声备注,categorical,pre-test-d,57,0.0,"mode (fill=脂肪肝, n=164)",0=1.肝内稍高回声结节，考虑血管瘤可能性大；2.胆囊息肉，3.左肾低回声结节，性质待定; 1=1.肝右下叶缘处囊实性占位，考虑良性病变，血管瘤可能性大，建议复查2.肝右前上段，右后叶上段高回声占位，血管瘤可能性大，建议复查; 2=1.肝小囊肿；2.左肾囊肿。; 3=1.脂肪肝，肝囊肿；2.胆囊息肉; 4=1.脂肪肝；2.胆囊息肉; 5=1，肝内稍高回声占位，倾向于血管瘤，建议必要时超声造影检查  2，胆囊息肉，胆囊壁粗糙; 6=右肾囊肿; 7=右肾小囊肿; 8=右肾小结石; 9=右肾局限性积液; ... (57 total classes),脂肪肝; 脂肪肝，双肾小囊肿; 脂肪肝，胆囊壁粗糙
pred_检查日期_19,移植后_检查日期_19,date,pre-test-d,140,0.0,"mode (fill=2016-12-17, n=96)",,2017-09-15; 2016-12-17; 2019-01-11
pred_胸片,移植后_胸片,categorical,pre-test-d,4,0.0,"mode (fill=正常, n=55)",0=异常，无临床意义; 1=异常，有临床意义; 2=未检查; 3=正常,正常; 未检查; 异常，无临床意义
pred_胸片备注,移植后_胸片备注,categorical,pre-test-d,11,0.0,"mode (fill=双肺纹理增多, n=233)",0=双肺上叶少许纤维硬结灶可能; 1=双肺纹理增多; 2=双肺纹理增多，双肺未见实质病变; 3=双肺纹理增多，模糊，主动脉增宽，心影轻度增大; 4=右上肺斑点高密度影，继发型肺结核待排; 5=右上肺硬结灶; 6=右上肺，斑片状影，建议ct进一步检查，; 7=左上肺门旁少许纤维灶; 8=左下肺局部纹理稍模糊; 9=左肺中野多发点状影，考虑片外因素，主动脉稍增宽; 10=胸椎椎小关节骨质密度增高，建议CT检查,双肺纹理增多; 右上肺硬结灶; 左肺中野多发点状影，考虑片外因素，主动脉稍增宽
pred_检查日期_20,移植后_检查日期_20,date,pre-test-d,24,0.0,"mode (fill=2017-08-03, n=222)",,2017-08-03; 2017-09-08; 2018-08-06
pred_肺CT,移植后_肺CT,categorical,pre-test-d,4,0.0,"mode (fill=未检查, n=103)",0=异常，无临床意义; 1=异常，有临床意义; 2=未检查; 3=正常,未检查; 异常，无临床意义; 正常
pred_肺CT备注,移植后_肺CT备注,categorical,pre-test-d,13,0.0,"mode (fill=双下肺见少许斑片状，条索状，密度增高影，, n=234)",0=双下肺见少许斑片状，条索状，密度增高影，; 1=双肺上叶及左肺下叶背段继发型肺结核；右肺下叶前基底段小硬结灶。左肺下叶前基底段纤维灶; 2=双肺纹理增多，肝右叶小钙化灶; 3=右下肺钙化灶; 4=右肺上叶后段胸膜下区结节影伴部分钙化改变，左肺下叶外侧基底段局部小硬结灶可能; 5=右肺尖纤维硬结灶可能; 6=右肺尖胸膜下小硬结灶可能；右肺下叶背段小钙化灶; 7=左下肺少量纤维灶，左侧胸膜稍增厚钙化; 8=左肺上叶浅淡小结节影; 9=纵膈多发结节影，稍大淋巴结或其他待排; 10=肝内多发小囊肿; 11=肝右叶椭圆形高密度影; 12=脂肪肝,双下肺见少许斑片状，条索状，密度增高影，; 双肺纹理增多，肝右叶小钙化灶; 脂肪肝
followup_时间（天）,随访_时间（天）,integer,followup,142,0.0,"median (fill=52.0, n=3)",,87.0; 36.0; 26.0
followup_随访日期,随访_随访日期,date,followup,188,0.0,"mode (fill=2019-05-20, n=3)",,2018-02-05; 2018-01-25; 2019-04-28
followup_ECOG,随访_ECOG,categorical,followup,2,0.0,"mode (fill=0分, n=244)",0=0分; 1=4分,0分; 4分
followup_WBC,随访_WBC,float,followup,208,0.0,"median (fill=3.9450000000000003, n=3)",,1.49; 6.32; 8.57
followup_NEUT,随访_NEUT,float,followup,196,0.0,"median (fill=1.98, n=11)",,0.69; 3.96; 7.04
followup_HGB,随访_HGB,float,followup,84,0.0,"median (fill=97.0, n=3)",,73.0; 76.0; 62.0
followup_PLT,随访_PLT,integer,followup,161,0.0,"median (fill=95.0, n=3)",,34.0; 165.0; 28.0
followup_ALT,随访_ALT,float,followup,205,0.0,"median (fill=28.1, n=3)",,7.9; 64.8; 1045.9
followup_AST,随访_AST,float,followup,196,0.0,"median (fill=28.0, n=3)",,12.0; 108.1; 1051.0
followup_TBIL,随访_TBIL,float,followup,135,0.0,"median (fill=11.1, n=3)",,4.8; 46.2; 36.2
followup_GGT,随访_GGT,float,followup,223,0.0,"median (fill=54.5, n=3)",,23.7; 198.6; 163.1
followup_BUN,随访_BUN,float,followup,220,0.0,"median (fill=4.975, n=5)",,4.37; 13.93; 17.69
followup_CREA,随访_CREA,float,followup,208,0.0,"median (fill=66.5, n=5)",,45.2; 163.8; 88.2
followup_UA,随访_UA,float,followup,217,0.0,"median (fill=301.9, n=24)",,101.5; 336.6; 717.9
followup_PT,随访_PT,float,followup,50,0.0,"median (fill=10.7, n=154)",,10.5; 12.0; 21.9
followup_APTT,随访_APTT,float,followup,77,0.0,"median (fill=30.8, n=154)",,30.0; 35.2; 29.4
followup_CMV,随访_CMV,categorical,followup,44,0.0,"mode (fill=阴性, n=69)",0=  血2.44E+001; 1=(-); 2=1.23E+001; 3=2.03E+003; 4=2.34E+001; 5=3.69E+002; 6=6.21E+002; 7=7.31E+001; 8=8.98E+002; 9=尿1.57E+001; 10=尿：3.65E+001，血：2.65E+002; 11=尿：8.53E+002; 12=血1.12E+002; 13=血1.19E+004; 14=血1.26E+002; 15=血1.72E+002; 16=血1.7E+001; 17=血1.90E+001; 18=血2.00E+004; 19=血2.28E+002; 20=血2.58E+001; 21=血3.34E+002; 22=血3.69E+001; 23=血3.95E+001; 24=血4.10E+001; 25=血4.63E+002; 26=血4.65E+001; 27=血4.82E+002; 28=血5.59E+001; 29=血6.32E+001; 30=血7.57E+001; 31=血8.76E+002，尿7.05E+002; 32=血9.50E+001; 33=血：1.55E+003; 34=血：4.05E+002，尿：阴性; 35=血：4.42E+001; 36=血：7.60E+001，尿：阴性; 37=血：阴性; 38=血：阴性，尿：2.76E+003; 39=血：阴性，尿：7.63E+001; 40=血：阴性，尿：8.66E+002; 41=血：阴性，尿：阴性; 42=阴性; 43=（-）,8.98E+002; 阴性; 血9.50E+001
followup_EB,随访_EB,categorical,followup,64,0.0,"mode (fill=阴性, n=131)",0=  血2.3E+002; 1= 血1.36E+005; 2= 血2.16E+004; 3= 血7.73E+002; 4=(-); 5=1.03E+004; 6=1.07E+004; 7=1.09E+003; 8=1.17E+004; 9=1.40E+003; ... (64 total classes),9.65E+003; 阴性; 血7.71E+003
followup_白血病细胞,随访_白血病细胞,categorical,followup,5,0.0,"mode (fill=0%, n=231)",0=0; 1=0%; 2=查见少量单核细胞; 3=查见少量淋巴细胞; 4=阴性,0%; 阴性; 查见少量淋巴细胞
followup_MRD,随访_MRD,categorical,followup,4,0.0,"mode (fill=0%, n=231)",0=(-); 1=0%; 2=阴性; 3=（-）,0%; 阴性; (-)
followup_CD4,随访_CD4,float,followup,39,0.0,"median (fill=18.0, n=200)",,18.0; 10.0; 1.0
followup_CD8,随访_CD8,float,followup,42,0.0,"median (fill=45.4, n=200)",,45.4; 64.0; 45.0
followup_CD3,随访_CD3,float,followup,44,0.0,"median (fill=75.8, n=200)",,75.8; 77.0; 78.0
followup_CD4/CD8,随访_CD4/CD8,float,followup,34,0.0,"median (fill=0.39, n=200)",,0.39; 0.17; 0.68
followup_FK506浓度,随访_FK506浓度,float,followup,52,0.0,"median (fill=7.5, n=185)",,7.5; 3.5; 9.1
followup_CSA浓度,随访_CSA浓度,float,followup,99,0.0,"median (fill=184.5, n=147)",,184.5; 191.4; 537.5
followup_原始细胞比例(%),随访_原始细胞比例(%),float,followup,8,0.0,"median (fill=0.0, n=143)",,0.0; 28.0; 4.0
followup_植入率类型,随访_植入率类型,categorical,followup,3,0.0,"mode (fill=STR, n=158)",0=STR; 1=XX; 2=XY,STR; XY; XX
followup_植入率,随访_植入率,categorical,followup,14,0.0,"mode (fill=100%, n=157)",0=0; 1=100; 2=100%; 3=55; 4=65; 5=71; 6=93%; 7=94.14%; 8=97%; 9=98%; 10=99; 11=99%; 12=99.5; 13=99.5%,100%; 99; 100
followup_MRD_1,随访_MRD_1,categorical,followup,9,0.0,"mode (fill=0, n=145)",0=(+); 1=0; 2=0.33; 3=0.53; 4=1.28; 5=1.32; 6=16.17; 7=35.48; 8=（-）,0; 1.28; 35.48
followup_不良预后基因,随访_不良预后基因,categorical,followup,22,0.0,"mode (fill=阴性, n=215)",0=0; 1=0.0073%; 2=AML1-ET0/ABL 0%; 3=AML1-ETO/ABL 0%; 4=AML1-ETO/ABL 0.04%; 5=AML1/ETO 0%，AML1-ETO/ABL 0.07%; 6=BCR-ABL P210   /ABL0.13%; 7=BCR-ABL/ABL 0%; 8=BCR/ABL  P210/ABL0.62%; 9=BCR/ABL 0%; 10=BXR/ABL 0%; 11=CEBPA(-); 12=CEBPA0%MPM10%; 13=DNMT3A（-）; 14=E2A-PBX1（-）; 15=MLL0%; 16=SIL-TAL1; 17=WT1/ABL  0.43%; 18=WT1/ABL 0.11%; 19=WT1/ABL 0.27; 20=WT1/ABL1.2%; 21=阴性,阴性; CEBPA0%MPM10%; AML1-ET0/ABL 0%
followup_抗排异药物方案,随访_抗排异药物方案,categorical,followup,99,0.0,"mode (fill=CSA50mg/12h, n=141)","0=12.11CSA155mg/d; 1=12.23 泼尼松20mg/日
12.25 环孢素120mg/日; 2=1月8日：甲泼尼龙琥珀酸钠80mg/日
1月9日：甲氨蝶呤17mg（临时）; 3=3.4CSA125mg/12h; 4=4.24    泼尼松60mg/d; 5=4.24    骁悉0.5g/12h+CSA136mg/d; 6=5.14      CSA50mg/12h+泼尼松10mg/12h; 7=5.21  FK2.5mg/d; 8=6.12
骁悉早0.5g晚0.25g+单日CSA早100mg晚75mg+双日CSA早75mg晚75mg; 9=7.13：他克莫司2mg/日+骁悉0.5g/12h; ... (99 total classes)",CSA50mg/12h; 停环孢素，甲泼尼龙琥珀酸钠80mg（临时）; 环孢素75mg/12h
followup_预防复发药物方案,随访_预防复发药物方案,categorical,followup,20,0.0,"mode (fill=鞘注, n=220)","0=CAR-T细胞; 1=VTLP化疗+鞘注; 2=停达沙替尼; 3=出院; 4=地西他滨*5d; 5=地西他滨10mg/5d; 6=昨日予以白介素300wu/日治疗，11月26日停用; 7=氟达拉滨47mg/d+磷酸酰胺0.47g; 8=泼尼松7.5mg/d+环孢素早50mg晚75mg; 9=西达本胺  4片/天; 10=输注间充质干细胞50ml; 11=间充质100ml; 12=间充质50ml; 13=鞘注; 14=鞘注：MTX12.5mg+Ara-C35mg
输注间充干细胞50ml; 15=鞘注：甲氨蝶呤+阿糖胞苷; 16=鞘注：甲氨蝶呤10mg+地米5mg
间充质6单位; 17=鞘注：甲氨蝶呤10mg+阿糖胞苷50mg; 18=鞘注：甲氨蝶呤12.5mg+地米+阿糖胞苷35mg; 19=鞘注：阿糖胞苷35mg+甲氨蝶呤12.5mg；输注间充质干细胞100ml","鞘注; 鞘注：MTX12.5mg+Ara-C35mg
输注间充干细胞50ml; 西达本胺  4片/天"
followup_并发症,随访_并发症,categorical,followup,69,0.0,"mode (fill=发热38℃, n=177)","0=11.26  患者诉尿频尿急，可见肉眼血尿，考虑尿路感染。; 1=12.11昨日给开塞露后解5次黄色稀便，量较多，今日出现尿频，尿急，尿痛，较前好转，
尿常规显示尿路感染。; 2=1月31日12:30开始输注骨髓液600ml；2月1日00:07患者血压测不出，喘累明显，烦躁不安，吸氧浓度升至100%，氧饱和度仍持续下降，家属放弃抢救，于02:17自动出院; 3=2018.3.2转红岭医院; 4=3.6   皮肤瘙痒
3.7   皮肤瘙痒较前好转; 5=4.21    恶心，呕吐，皮疹消退，; 6=4.25. 患者发热，体温38.8. 昨日调整呼吸机挂式，呼吸频率维持在17次/分，夜间患者呼吸抑制，波动在0-10次每分，血气分析提示二氧化碳潴留，呼吸性酸中毒，尼可刹米治疗后未见改善。今日患者呼吸频率仍未改善，请呼吸科调整呼吸机为SIMV模式，患者自主呼吸仍低，频率在0-10次/分，咪达唑仑停止超过24小时，考虑呼吸中枢受损，双侧瞳孔直径约3mm，对光反射灵敏，双下肢病理征可疑阳性，考虑颅内出血引起呼吸抑制; 7=4.26患者因白血病内环境紊乱，连续性血液净化治疗，呼吸17次每分，脉搏81次每分，血压145/ 62毫米汞柱，意识昏迷，患者昨日18:40左右，突发双眼凝视， 四肢强直，给予开口器预防舌咬伤，持续4分钟后自行缓解。昨夜至今未再出现癫痫发作，查房神志淡漠，能少量对答。; 8=5.4患者今日午间发热，体温38.8，伴畏寒，不寒战; 9=5.5体温39.3
5.7体温38.4; ... (69 total classes)","发热38℃; 昨日行连续性血液净化治疗
反复发热、呕吐腹泻，考虑GVHD; 9.4再次入院，肺感染，9.6放弃治疗出院"
followup_是否感染,随访_是否感染,categorical,followup,1,0.0,"mode (fill=是, n=182)",0=是,是
followup_感染详细(部位),随访_感染详细(部位),categorical,followup,7,0.0,"mode (fill=血流, n=215)","0=不明确; 1=其他; 2=泌尿系统; 3=肺; 4=肺,肛周; 5=肺,血流; 6=血流","血流; 肺; 肺,血流"
followup_感染详细(病原菌),随访_感染详细(病原菌),categorical,followup,10,0.0,"mode (fill=EB, n=183)","0=CMV; 1=CMV,EB; 2=CMV,EB,其他病毒; 3=EB; 4=不明确; 5=其他病毒; 6=真菌; 7=细菌; 8=细菌,EB; 9=细菌,真菌","EB; CMV,EB; CMV"
followup_GVHD类型,随访_GVHD类型,categorical,followup,2,0.0,"mode (fill=慢性, n=240)",0=急性; 1=慢性,慢性; 急性
followup_是否出血性膀胱炎,随访_是否出血性膀胱炎,categorical,followup,1,0.0,"mode (fill=是, n=245)",0=是,是
followup_是否肝功能损害,随访_是否肝功能损害,categorical,followup,1,0.0,"mode (fill=是, n=244)",0=是,是
followup_是否肾功能损害,随访_是否肾功能损害,categorical,followup,1,0.0,"mode (fill=是, n=246)",0=是,是
followup_其他详细,随访_其他详细,categorical,followup,2,0.0,"mode (fill=消化道出血, n=245)",0=消化道出血; 1=肠道VOD,消化道出血; 肠道VOD
followup_是否中性粒细胞重建,随访_是否中性粒细胞重建,categorical,followup,2,0.0,"mode (fill=否, n=140)",0=否; 1=是,否; 是
followup_是否血小板重建,随访_是否血小板重建,categorical,followup,2,0.0,"mode (fill=否, n=149)",0=否; 1=是,否; 是
followup_是否出仓,随访_是否出仓,categorical,followup,2,0.0,"mode (fill=否, n=112)",0=否; 1=是,否; 是
followup_复发,随访_复发,categorical,followup,4,0.0,"mode (fill=RE, n=243)",0=RE; 1=全面复发; 2=复发; 3=复发   幼淋1%,RE; 复发   幼淋1%; 全面复发
followup_其他异常指标,随访_其他异常指标,categorical,followup,49,0.0,"mode (fill=BK病毒1.91E+006, n=198)","0=BK病毒1.91E+006; 1=BK病毒核酸（尿）>5.00E+008; 2=BK病毒：1.92E+004，血培养：白色念珠菌，肺炎克雷伯菌; 3=BK：>5.00E+008; 4=CMV：尿2.68E+001; 5=C反应蛋白：136
白细胞介素6:102
肿瘤坏死因子-a：19.9; 6=JC：6.5E+003
尿BK1.18E+005; 7=SF:  864.77; 8=SF：470.19; 9=SF：882.41; 10=乙肝病毒表面抗体229.07mIU/ml，乙肝病毒e抗体0.70s/co，乙肝病毒核心抗体5.35s/co。; 11=大便培养：少量白色念珠菌生长; 12=尿BK1.29E+006/JC1.01E+006; 13=尿BK7.69E+003; 14=尿BK>5.00E+008
JC   9.28E+007; 15=尿BK>5.00E+008
JC2.87E+006
; 16=尿BK>5.00E+008
尿JC   2.82E+004; 17=尿BK病毒：4.32E+006；尿JC病毒：1.45E+008; 18=尿BK：1.49E+007; 19=尿BK＞5E+008; 20=尿JC：1.12E+005; 21=尿ph值：5.5
尿白细胞：+; 22=尿常规：尿红细胞+-，尿白细胞+-; 23=尿常规：蛋白质2+， 尿红细胞3+，尿白细胞+-; 24=尿常规：蛋白质2+，尿红细胞3+，尿白细胞1+; 25=尿常规：蛋白质3+，尿红细胞3+，尿白细胞+-; 26=尿常规：蛋白质3+，尿红细胞3+，尿白细胞3+; 27=尿白细胞+-; 28=尿白细胞：+
尿胆红素：1+; 29=尿蛋白1+、红细胞+-、白细胞2+; 30=尿蛋白2+尿红细胞3+尿白细胞+; 31=尿蛋白2+，尿红细胞3+，尿白细胞+   ; 32=尿蛋白：+，尿白细胞：+; 33=查见革兰氏阳性球菌，呈双或短链状，位于白细胞外；查见革兰氏散在阴性杆菌，位于白细胞外；BK病毒核酸5.3E+008; 34=直接抗人球蛋白++; 35=直接抗人球蛋白0.5+; 36=窦性心动过速; 37=肺CT：双肺可见斑片状高密度影，形态不规则，左侧胸腔积液伴周围肺组织被动性不张; 38=肺CT：双肺散在硬结灶，右肺下叶背段小钙化灶，左肺上叶舌段纤维灶，肝左外叶上段小囊肿可能; 39=肺CT：双肺课件散在斑片状、小结节状密度增高影; 40=血型：B; 41=血培养：大肠埃希菌; 42=血培养：大肠埃希菌，考虑败血症; 43=血培养：皮氏罗尔斯顿菌; 44=血培养：肺炎克雷伯杆菌；铁蛋白：1808.35ug/L; 45=血培养：表皮葡萄球菌; 46=铁蛋白1886.38; 47=铁蛋白>2000; 48=铁蛋白：＞2000",BK病毒1.91E+006; 尿常规：蛋白质2+， 尿红细胞3+，尿白细胞+-; 血培养：表皮葡萄球菌
followup_备注,随访_备注,categorical,followup,37,0.0,"mode (fill=1.3高蕾门诊随访
12.20左右骨穿, n=210)","0=1.3高蕾门诊随访
12.20左右骨穿; 1=10.24孔佩艳门诊随访; 2=10.4向茜茜门诊随访; 3=10月8日骨穿结果，10月18日高蕾主任复诊; 4=11.28孔佩艳复诊; 5=11.29高蕾门诊随访; 6=11.29高蕾门诊随访
11.13腰穿，11.13左右骨穿; 7=11月12日骨穿结果; 8=12.24刘耀门诊随访; 9=12.27高蕾门诊随访/注意12.20骨穿结果; 10=12.4文钦复诊
注意11.7骨穿结果; 11=12月19日骨穿结果; 12=2017年移植，2017.10.26放弃治疗出院; 13=2017年移植，2017.9.6因肺部感染，放弃治疗出院; 14=2017年移植，骨髓移植成功，但外周血造血未重建，2017-12-18突发呼吸、心跳停止，抢救后情况无好转，放弃治疗出院; 15=5.17电话随访，5月初,  因恶心呕自改CSA50mg/12h; 16=7.26号PET-CF
8.5号来医院查血常规
8.6号腰穿; 17=7月11日没挂到孔主任号，若挂不到，7月12日一早并看结果；7月11日日间病房间充质输注; 18=7月12日骨穿结果（str）; 19=7月23日骨穿结果，8月2日做腰穿; 20=8.16张诚主任门诊随访
血象稳定后输注CRT; 21=9.26向茜茜复诊; 22=XX94%     XY6%; 23=入院治疗; 24=双手掌严重脱屑; 25=注意11.14骨穿结果
11.22刘嘉复诊; 26=注意11.19骨穿结果
12.18左右门诊随访; 27=注意11.22骨穿结果
11.29张诚门诊随访; 28=注意12.4骨穿结果
12.13张诚门诊随访; 29=注意9.17骨穿结果
10.10向茜茜随访; 30=注意9.17骨穿结果
一个月复诊一次10.18张诚门诊随访; 31=注意9.27骨穿结果
10.11高蕾门诊随访; 32=注意9.7骨穿结果
9.19孔佩艳门诊随访; 33=血红蛋白低医生建议本地医院输血
9.26孔佩艳门诊随访; 34=近期红岭医院去铁; 35=配型结果未填；7月11日植入率结果; 36=高蕾主任复诊","1.3高蕾门诊随访
12.20左右骨穿; 2017年移植，2017.9.6因肺部感染，放弃治疗出院; 双手掌严重脱屑"
性别_encoded,性别 (编码),integer (encoded),info,2,0.0,no imputation needed,0=女; 1=男,0; 1
职业或特殊接触史_encoded,职业或特殊接触史 (编码),integer (encoded),info,67,0.0,"mode (fill=无, n=3)",0=专业技术人员; 1=个体; 2=个体户; 3=个体经营; 4=企业管理; 5=会计; 6=体力劳动; 7=公务员; 8=公司职员; 9=公安; ... (67 total classes),37; 0; 44
输血史_encoded,输血史 (编码),integer (encoded),info,2,0.0,no imputation needed,0=无; 1=有,1; 0
血液病史_encoded,血液病史 (编码),integer (encoded),info,3,0.0,no imputation needed,0=MDS; 1=其他; 2=无,2; 1; 0
血液病史备注_encoded,血液病史备注 (编码),integer (encoded),info,7,0.0,"mode (fill=地中海贫血, n=239)",0=2014年因双下肢瘀斑在重医儿童医院诊断为过敏性紫癜，紫癜性肾炎，间断服用泼尼松，肾复康治疗; 1=2018年7月19日诊断为MDS给予两次化疗; 2=CML; 3=a型地中海贫血; 4=地中海贫血; 5=多发性骨质破坏; 6=慢性粒细胞白血病/中枢神经细胞白血病,4; 3; 1
肿瘤病史_encoded,肿瘤病史 (编码),integer (encoded),info,2,0.0,no imputation needed,0=无; 1=有,0; 1
肿瘤病史备注_encoded,肿瘤病史备注 (编码),integer (encoded),info,1,0.0,"mode (fill=化疗史, n=244)",0=化疗史,0
其他慢病史_encoded,其他慢病史 (编码),integer (encoded),info,2,0.0,no imputation needed,0=无; 1=有,1; 0
其他具体慢病史_encoded,其他具体慢病史 (编码),integer (encoded),info,8,0.0,"mode (fill=其他, n=163)","0=其他; 1=心脏病,其他; 2=糖尿病; 3=糖尿病,其他; 4=肺部疾病,其他; 5=肾病,其他; 6=高血压; 7=高血压,其他",0; 6; 1
其他慢病史备注_encoded,其他慢病史备注 (编码),integer (encoded),info,81,0.0,"mode (fill=慢性乙型病毒性肝炎, n=165)",0=1.2002年于当地医院诊断为“慢性乙型病毒性肝炎”；2.2012年2月因“胚胎停育”行清宫术；3.2017年7月顺产; 1=10年前行阑尾炎手术治疗; 2=14岁左右曾患流行性肝炎; 3=16岁在万州第一医院行阑尾手术; 4=1998年做过胆囊切除术，1999年鼻阻隔矫正术; 5=1岁时患“脊髓灰质炎”; 6=20+年前因宫外孕行手术; 7=2002年因子宫内膜癌前病变行“子宫全切除术”; 8=2005年行阑尾切除术; 9=2006年“尺骨、桡骨骨折”行“骨折内固定术”; ... (81 total classes),13; 64; 62
诊断名称_encoded,诊断名称 (编码),integer (encoded),info,55,0.0,"mode (fill=急性髓系白血病M2, n=2)",0=ALL      中枢神经系统白血病; 1=PH+急性B淋巴细胞白血病; 2=PH+急性淋巴细胞白血病; 3=Ph+ 急性淋巴细胞白血病; 4=Ph+急性B淋巴细胞白血病; 5=Ph+急性淋巴细胞白血病; 6=Ph+急性混合细胞白血病; 7=T淋巴母细胞白血病; 8=pH+急性淋巴细胞白血病; 9=ph+急性淋巴细胞白血病; ... (55 total classes),41; 37; 8
是否合并CNSL_encoded,是否合并CNSL (编码),integer (encoded),info,3,0.0,"mode (fill=无, n=2)",0=无; 1=有; 2=未查,0; 2; 1
危险分层_encoded,危险分层 (编码),integer (encoded),info,3,0.0,"mode (fill=高危组, n=2)",0=中危组; 1=低危组; 2=高危组,2; 0; 1
评估情况_encoded,评估情况 (编码),integer (encoded),info,3,0.0,"mode (fill=无, n=132)",0=持续慢性感染; 1=无; 2=残留陈旧病灶，无需治疗,1; 0; 2
治疗方案_encoded,治疗方案 (编码),integer (encoded),info,2,0.0,"mode (fill=伏立康唑 200ug q12h, n=245)",0=伏立康唑 200ug q12h; 1=伏立康唑50mg/12h,0; 1
性别_1_encoded,性别_1 (编码),integer (encoded),info,2,0.0,"mode (fill=男, n=28)",0=女; 1=男,0; 1
与患者关系_encoded,与患者关系 (编码),integer (encoded),info,16,0.0,"mode (fill=父亲, n=28)",0=0000; 1=儿子; 2=哥哥; 3=堂弟; 4=女儿; 5=妹妹; 6=姐姐; 7=姐弟; 8=弟弟; 9=无; 10=无关; 11=无关供者; 12=母亲; 13=父亲; 14=父子; 15=舅舅,4; 8; 13
移植次数_encoded,移植次数 (编码),integer (encoded),info,2,0.0,"mode (fill=第一次移植, n=3)",0=第一次移植; 1=第二次移植,0; 1
第二次原因_encoded,第二次原因 (编码),integer (encoded),info,1,0.0,"mode (fill=本病复发, n=244)",0=本病复发,0
移植类型_encoded,移植类型 (编码),integer (encoded),info,5,0.0,"mode (fill=亲缘间单倍体移植, n=3)",0=亲缘间全相合移植; 1=亲缘间单倍体移植; 2=自体移植; 3=非亲缘间不相合移植; 4=非亲缘间全相合移植,1; 0; 2
HLA-DQ（供者）_encoded,HLA-DQ（供者） (编码),integer (encoded),info,87,0.0,"mode (fill=03:01/03:03, n=36)",0=02:01/02:02; 1=02:01/03:01; 2=02:01/03:02; 3=02:01/03:03; 4=02:01/05:02; 5=02:01/05:03; 6=02:01/06:01; 7=02:01/06:03; 8=02:01:01/04:01; 9=02:02/03:01; ... (87 total classes),16; 18; 57
Dpb1（供者）_encoded,Dpb1（供者） (编码),integer (encoded),info,39,0.0,"mode (fill=05:01/05:01, n=179)",0=02:01/02:01; 1=02:01/02:02; 2=02:01/03:01; 3=02:01/04:01; 4=02:01/04:02; 5=02:01/05:01; 6=02:01/135:01; 7=02:01/19:01; 8=02:01/21:01; 9=02:01/41:01; 10=02:01:02G/05:01; 11=02:01:02G/05:01:01G; 12=02:02/03:01; 13=02:02/04:01; 14=02:02/04:02; 15=02:02/05:01; 16=02:02/135:01; 17=02:02/14:01; 18=02:02:01G/05:01:01G; 19=03:01/02:01; 20=03:01/04:05:01; 21=03:01/05:01; 22=03:01:01G/05:01:01G; 23=04:01/02:02; 24=04:01/09:01; 25=04:01/14:01; 26=04:01/17:01; 27=04:01/19:01; 28=04:02/14:01; 29=05:01/03:01; 30=05:01/04:01; 31=05:01/05:01; 32=05:01/13:01; 33=05:01/21:01; 34=05:01:01G/13:01:01G; 35=13:01/01a/21:01; 36=14:01/02:02; 37=14:01/03:01; 38=21:01/17:01,31; 8; 18
血型（供者）_encoded,血型（供者） (编码),integer (encoded),info,9,0.0,"mode (fill=A, n=46)",0=0; 1=A; 2=A(RhD); 3=AB; 4=B; 5=O; 6=O(RHD); 7=ab; 8=o,5; 1; 4
HLA-DQ（受者）_encoded,HLA-DQ（受者） (编码),integer (encoded),info,97,0.0,"mode (fill=03:01/03:03, n=36)",0=02:01/02:01; 1=02:01/02:02; 2=02:01/03:01; 3=02:01/03:02; 4=02:01/03:03; 5=02:01/04:01; 6=02:01/04:02; 7=02:01/05:01; 8=02:01/06:01; 9=02:01:01/04:01; ... (97 total classes),28; 20; 24
HLA-A（受者）_encoded,HLA-A（受者） (编码),integer (encoded),info,89,0.0,"mode (fill=11:01/11:01, n=35)",0=01:01/02:01; 1=01:01/02:07; 2=01:01/11:01; 3=01:01/24:02; 4=01:01/33:03; 5=02:01/02:03; 6=02:01/02:06; 7=02:01/02:07; 8=02:01/03:01; 9=02:01/11:01; ... (89 total classes),4; 48; 75
Dpb1（受者）_encoded,Dpb1（受者） (编码),integer (encoded),info,43,0.0,"mode (fill=05:01/05:01, n=180)",0=02:01/02:01; 1=02:01/02:02; 2=02:01/04:01; 3=02:01/04:02; 4=02:01/05:01; 5=02:01/05:02; 6=02:01/135:01; 7=02:01/19:01; 8=02:01/21:01; 9=02:01/41:01; 10=02:01:02G/01:01:01G; 11=02:01:02G/05:01; 12=02:02/03:01; 13=02:02/04:01; 14=02:02/04:02; 15=02:02/05:01; 16=02:02/14:01; 17=02:02:01G/05:01:01G; 18=03:01/03:01; 19=03:01/04:05:01; 20=03:01/05:01; 21=03:01/13:01:01G; 22=03:01/14:01; 23=03:01:01G/03:01:01G; 24=04:01/02:01; 25=04:01/03:02; 26=04:01/14:01; 27=04:01/19:01; 28=04:02/14:01; 29=04:02/21:01; 30=05:01/02:02; 31=05:01/03:01; 32=05:01/04:01; 33=05:01/05:01; 34=05:01/05:03; 35=05:01/13:01; 36=05:01/13:01:01G; 37=05:01:01G/05:01:01G; 38=0:01/17:01; 39=13:01/01a/21:01; 40=14:01/05:01; 41=14:01/135:01; 42=21:01/17:01,33; 8; 37
血型（受者）_encoded,血型（受者） (编码),integer (encoded),info,10,0.0,"mode (fill=O, n=51)",0=0; 1=A; 2=A(RhD); 3=AB; 4=B; 5=C; 6=O; 7=O(RHD); 8=a; 9=o,4; 6; 1
HLA抗体_encoded,HLA抗体 (编码),integer (encoded),info,2,0.0,"mode (fill=阴性, n=117)",0=阳性; 1=阴性,1; 0
急性重症GVHD风险_encoded,急性重症GVHD风险 (编码),integer (encoded),info,5,0.0,"mode (fill=2, n=140)",0=1; 1=2; 2=3; 3=4; 4=母亲2,1; 0; 2
GVL作用_encoded,GVL作用 (编码),integer (encoded),info,5,0.0,"mode (fill=2, n=140)",0=1; 1=2; 2=3; 3=4; 4=母亲4,1; 3; 2
疾病状态_encoded,疾病状态 (编码),integer (encoded),info,4,0.0,"mode (fill=CR, n=3)",0=CR; 1=NR; 2=PR; 3=RE,0; 1; 2
MRD流式_encoded,MRD流式 (编码),integer (encoded),info,38,0.0,"mode (fill=0%, n=24)",0=(-); 1=0; 2=0%; 3=0.04%; 4=0.07%; 5=0.08%; 6=0.14%; 7=0.16; 8=0.18%; 9=0.19%; 10=0.2%; 11=0.24%; 12=0.26%; 13=0.29%; 14=0.33%; 15=0.45%; 16=0.71%; 17=0.72%; 18=0.73%; 19=0.82%; 20=0.83%; 21=1.04%; 22=1.06%; 23=1.2%; 24=1.40%; 25=2.39%; 26=28.12%; 27=30%; 28=38.65%; 29=4.95; 30=57.5%; 31=6%; 32=63.85%; 33=7.17%; 34=NR; 35=阳性; 36=阴性; 37=（-）,2; 0; 21
MRD基因_encoded,MRD基因 (编码),integer (encoded),info,65,0.0,"mode (fill=0%, n=173)",0=0%; 1=ABL(+); 2=ABL阳性; 3=AML-ETO/ABL   0.14%; 4=AML/ETO 0%; 5=AML1-ET0/ABL 0.32%; 6=AML1-ETO/ABL   0%; 7=AML1-ETO/ABL  0.38; 8=AML1-ETO/ABL 0%; 9=AML1-ETO/ABL 0.03%; ... (65 total classes),0; 7; 39
干细胞来源_encoded,干细胞来源 (编码),integer (encoded),info,3,0.0,"mode (fill=外周干细胞,骨髓干细胞, n=3)","0=外周干细胞; 1=外周干细胞,骨髓干细胞; 2=骨髓干细胞",1; 0; 2
干细胞动员方案_encoded,干细胞动员方案 (编码),integer (encoded),info,12,0.0,"mode (fill=CAE+G-CSF, n=235)",0=CAE+G-CSF; 1=CEOD+MTX+G-CSF; 2=G-CSF; 3=G-CSF+HADG; 4=HA+Dac; 5=HAD+G-CSF; 6=HIA+G-CSF; 7=IA+G-CSF; 8=MOED+G-CSF; 9=MOED+MTX+G-CSF; 10=ia; 11=平地动员,0; 8; 3
死亡地点_encoded,死亡地点 (编码),integer (encoded),info,11,0.0,"mode (fill=家中, n=209)",0=不详; 1=医院; 2=家; 3=家中; 4=家中 ; 5=家里; 6=当地医院; 7=患者家中; 8=新桥医院; 9=病房; 10=红岭医院,3; 1; 4
死亡根本原因_encoded,死亡根本原因 (编码),integer (encoded),info,2,0.0,"mode (fill=其他, n=209)",0=其他; 1=本病复发,0; 1
死亡原因备注_encoded,死亡原因备注 (编码),integer (encoded),info,28,0.0,"mode (fill=1.中枢神经白血病2.重症肺炎3.呼吸衰竭4.休克5.血气胸.6脑干出血7.多器官功能衰竭待诊, n=219)","0=1.中枢神经白血病2.重症肺炎3.呼吸衰竭4.休克5.血气胸.6脑干出血7.多器官功能衰竭待诊; 1=2018-4-19电话随访患者，家属诉于2018-4-15家中逝世; 2=2018.6.18复发
2019.4.18复发; 3=5.16   复发     36.5%           MRD34.88%          WTI/ABL  129.6%; 4=Ph+急性混合细胞白血病（高危组），真菌性肺炎，父供女6/10相合造血干细胞移植术后，肝功能受损，粒细胞减少症，尿路感染，低蛋白血症; 5=ph+急性淋巴细胞白血病  高危，原发性高血压  很高危，消化道出血，出血性膀胱炎，巨细胞病毒感染，BK、JC病毒感染，aGVHD，低蛋白血症，水电解质紊乱; 6=不详; 7=并发症; 8=急性淋巴细胞白血病（ETP高危组），肺部感染，父供子8/10相合造血干细胞移植术后，肝功能受损，消化道出血，感染性休克，失血性休克，低蛋白血症，肾功能不全，皮肤软组织感染，恶劣心境，败血症（肺炎克雷伯菌），呼吸循环衰竭; 9=急性混合细胞白血病（高危组）-CR2，弟供兄全相合造血干细胞移植术后，白血病髓外浸润，移植物抗宿主病，重症感染，肺部感染，败血症（大肠埃希菌），感染性休克，肝功能损害，弥散性血管内凝血，呼吸衰竭，代谢性酸中毒，呼吸循环衰竭; 10=急性髓系白血病M4（高危组），无关供者全相合造血干细胞移植术后，慢性移植物抗宿主病，肝功能损害，继发性铁负荷过多，急性胰腺炎，肺部感染，低蛋白血症，消化道出血，凝血功能障碍，低钾、低镁血症，高钠、高氯血症，肺部真菌感染，呼吸衰竭，代谢性碱中毒，血栓性微血管病，褥疮; 11=急性髓系白血病M5，肺部感染，肾功能不全，兄供弟全相合造血干细胞移植; 12=患者于2018年4月20日16:30开始行腰穿及鞘内化疗，于鞘内推注阿糖胞苷时出现下肢疼痛，麻木，后出现一过性截瘫，20:00患者持续诉双下肢无力及脐平面以下腹痛，感焦虑、烦躁，于22:30患者突然出现呼吸、心跳骤停，积极抢救后无效死亡; 13=患者浅昏迷就诊新桥医院血液科诊断为：意识障碍待查，重度贫血，血小板减少性紫癜，失血性休克，死亡; 14=患者血氧饱和度，血压下降，瞳孔直径约6mm，对光反射减弱处理后意识障碍加重，且患者有多重感染，合并移植物抗宿主病，本病病情重，死亡率极高，患者家属放弃治疗; 15=患者诊断Ph+ALL，兄供弟5/10相合造血干细胞移植，移植后持续出血性膀胱炎，巨细胞病毒反复阳性，合并肺部感染，血栓性微血管病，经抗感染、血浆置换等治疗后疗效差，最终呼吸衰竭死亡; 16=患者诊断急性髓系白血病M4EO（高危组）-CR2，兄供弟5/10相合造血干细胞移植术后，肺部感染，移植物抗宿主病，肝功能损害，肾功能不全，Ⅰ型呼吸衰竭，代谢性酸中毒，呼吸循环衰竭，抢救无效，家属放弃治疗; 17=感染; 18=感染性休克; 19=慢性淋巴细胞白血病，下肢静脉血栓，左输尿管结石并积水，右双“J”管置入术后，右肾结石，肝功能不全，肾功能不全，巨细胞病毒血症，左侧周围性面瘫，面神经炎？脑血管意外？凝血功能异常，口咽部溃疡伴出血，代谢性酸中毒，肺部感染，感染性休克; 20=慢性粒单核细胞白血病，骨髓纤维化，粒细胞缺乏性发热，代谢性脑病待诊，高钠血症，低蛋白血症，呼吸循环功能衰竭，高氯血症，感染性休克; 21=本病复发+肝功能衰竭+血流感染+肺部感染; 22=确诊机型混合细胞白血病（高危组），急性移植物抗宿主病，肺部感染，非血缘关系9/10相合造血干细胞移植术后，EB病毒感染，肝功能受损，移植相关血栓微血管病，粒细胞缺乏症，脑梗塞; 23=移植后复发，放弃治疗，家中去世; 24=肺部感染，慢性肾功能不全，慢性移植抗宿主病，EB病毒感染，BK病毒感染，呼吸循环衰竭; 25=血流感染+导管感染：肺炎克雷伯菌; 26=血流感染：嗜麦芽寡养单胞菌; 27=诊断急性髓系白血病，无关供者全相合造血干细胞移植后复发，并发肺部感染，抗感染治疗效果不佳，呼吸循环衰竭死亡",0; 7; 11
prep_ECOG评分_encoded,移植前_ECOG评分 (编码),integer (encoded),pre-test-p,3,0.0,"mode (fill=0分, n=142)",0=0分; 1=1分; 2=2分,0; 1; 2
prep_移植前疾病状态_encoded,移植前_移植前疾病状态 (编码),integer (encoded),pre-test-p,5,0.0,"mode (fill=CR, n=21)",0=CR; 1=NR; 2=PR; 3=RE; 4=不详,0; 4; 3
prep_MRD_encoded,移植前_MRD (编码),integer (encoded),pre-test-p,3,0.0,"mode (fill=流式, n=166)","0=基因; 1=流式; 2=流式,基因",1; 2; 0
prep_MRD流式_encoded,移植前_MRD流式 (编码),integer (encoded),pre-test-p,41,0.0,"mode (fill=0%, n=26)",0=(-); 1=(-）; 2=0; 3=0%; 4=0.04%; 5=0.07; 6=0.08%; 7=0.14%; 8=0.16%; 9=0.18%; 10=0.19%; 11=0.2%; 12=0.24; 13=0.26%; 14=0.29%; 15=0.33%; 16=0.45%; 17=0.48%; 18=0.71%; 19=0.73%; 20=0.82%; 21=0.83%; 22=1.04%; 23=1.06%; 24=1.2%; 25=1.4; 26=16.33%; 27=2.39%; 28=28.12%; 29=38.65%; 30=39%; 31=4.95; 32=57.5%; 33=6%; 34=63.85%; 35=7.17%; 36=8.72%; 37=阳性; 38=阴; 39=阴性; 40=（-）,3; 40; 22
prep_MRD基因_encoded,移植前_MRD基因 (编码),integer (encoded),pre-test-p,67,0.0,"mode (fill=0%, n=173)",0=0%; 1=ABL(+); 2=ABL阳性; 3=ALL/AF4(-); 4=AML-ET0/ABL 0.17%; 5=AML/ETO 0%; 6=AML1-ETO/ABL  0.38; 7=AML1-ETO/ABL 0%; 8=AML1-ETO/ABL 0.03%; 9=AML1-ETO/ABL 0.1%; ... (67 total classes),0; 6; 44
prep_不良预后基因是否转阴_encoded,移植前_不良预后基因是否转阴 (编码),integer (encoded),pre-test-p,4,0.0,"mode (fill=未转阴, n=207)",0=全阴性; 1=无不良预后基因; 2=未测; 3=未转阴,3; 1; 2
prep_不良预后基因是否转阴备注_encoded,移植前_不良预后基因是否转阴备注 (编码),integer (encoded),pre-test-p,9,0.0,"mode (fill=AML1-ETO/ABL 0.03%, n=238)",0=AML1-ETO/ABL 0.03%; 1=BCR/ABL  1.2%; 2=BCR/ABL P190 ; 3=DNMT3A; 4=WT1 0.13%; 5=WT1/ABL 0.19%; 6=WT1/ABL 0.28%; 7=WT1/ABL 0.46%; 8=WT1/ABL 0.53%；AML1/ETO 0.25%,0; 7; 2
prep_ABO_encoded,移植前_ABO (编码),integer (encoded),pre-test-p,4,0.0,"mode (fill=O, n=9)",0=A; 1=AB; 2=B; 3=O,2; 3; 0
prep_RH_encoded,移植前_RH (编码),integer (encoded),pre-test-p,2,0.0,"mode (fill=阳性, n=13)",0=阳性; 1=阴性,0; 1
prep_直接抗人球蛋白实验_encoded,移植前_直接抗人球蛋白实验 (编码),integer (encoded),pre-test-p,2,0.0,"mode (fill=阴性, n=10)",0=阳性; 1=阴性,1; 0
prep_直接抗人球蛋白实验备注_encoded,移植前_直接抗人球蛋白实验备注 (编码),integer (encoded),pre-test-p,7,0.0,"mode (fill=0.5+, n=218)",0=+; 1=++; 2=+++; 3=0.5; 4=0.5+; 5=2+; 6=直接抗人球蛋白试验0.5+,4; 6; 0
prep_抗体筛选实验_encoded,移植前_抗体筛选实验 (编码),integer (encoded),pre-test-p,2,0.0,"mode (fill=阴性, n=15)",0=阳性; 1=阴性,1; 0
prep_抗体筛选实验备注_encoded,移植前_抗体筛选实验备注 (编码),integer (encoded),pre-test-p,1,0.0,"mode (fill=3+, n=246)",0=3+,0
prep_移植前是否去铁治疗_encoded,移植前_移植前是否去铁治疗 (编码),integer (encoded),pre-test-p,2,0.0,"mode (fill=否, n=156)",0=否; 1=是,0; 1
prep_尿蛋白(PRO)_encoded,移植前_尿蛋白(PRO) (编码),integer (encoded),pre-test-p,4,0.0,"mode (fill=（-）, n=10)",0=（+++）; 1=（++）; 2=（+）; 3=（-）,3; 1; 2
prep_尿白细胞(LEU)_encoded,移植前_尿白细胞(LEU) (编码),integer (encoded),pre-test-p,3,0.0,"mode (fill=（-）, n=10)",0=（+++）; 1=（+）; 2=（-）,2; 1; 0
prep_尿红细胞(BLD)_encoded,移植前_尿红细胞(BLD) (编码),integer (encoded),pre-test-p,4,0.0,"mode (fill=（-）, n=10)",0=（+++）; 1=（++）; 2=（+）; 3=（-）,3; 2; 1
prep_抗核抗体谱_encoded,移植前_抗核抗体谱 (编码),integer (encoded),pre-test-p,2,0.0,"mode (fill=全阴性, n=27)",0=全阴性; 1=部分阳性,0; 1
prep_抗核抗体谱备注_encoded,移植前_抗核抗体谱备注 (编码),integer (encoded),pre-test-p,26,0.0,"mode (fill=ANA滴度1:100, n=217)",0=ANA滴度1:100; 1=ANA滴度1:100阳性; 2=RO-52弱阳性; 3=Ro-52; 4=Ro-52阳性; 5=Ro-52阳性，ANA滴度1:100阳性; 6=抗JO-1抗体; 7=抗NR/VP/SM抗体、RO-52、ANA滴度1:100; 8=抗PM-Scl抗体; 9=抗PM-Scl抗体弱阳性; 10=抗PM-Scl阳性; 11=抗SSA弱阳; 12=抗SSA抗体弱阳性，Ro-52弱阳性，ANA滴度1：100阳性; 13=抗SSA抗体阳性; 14=抗SSA抗体，抗SS-B抗体，ANA滴度1:100阳性; 15=抗dsDNA  弱阳; 16=抗nRNP/SM抗体; 17=抗nRNP/Sm抗体; 18=抗nRNP/Sm抗体、抗Sm抗体; 19=抗scl-70; 20=抗增殖细胞核抗原抗体弱阳性; 21=抗增殖细胞核抗原抗体（阳性），抗线粒体M2亚型抗体（弱阳性）; 22=抗增殖细胞核抗原（抗PCNA）; 23=抗着丝点抗体弱阳性; 24=抗线粒体M2亚型抗体; 25=抗线粒体M2亚型抗体弱阳性,0; 14; 3
prep_HIV_encoded,移植前_HIV (编码),integer (encoded),pre-test-p,1,0.0,"mode (fill=阴性, n=7)",0=阴性,0
prep_梅毒_encoded,移植前_梅毒 (编码),integer (encoded),pre-test-p,2,0.0,"mode (fill=阴性, n=8)",0=阳性; 1=阴性,1; 0
prep_HCV_encoded,移植前_HCV (编码),integer (encoded),pre-test-p,1,0.0,"mode (fill=阴性, n=7)",0=阴性,0
prep_HBsAg（乙肝表面抗原）_encoded,移植前_HBsAg（乙肝表面抗原） (编码),integer (encoded),pre-test-p,2,0.0,"mode (fill=阴性, n=9)",0=阳性; 1=阴性,1; 0
prep_HDVAb（丁肝抗体）_encoded,移植前_HDVAb（丁肝抗体） (编码),integer (encoded),pre-test-p,2,0.0,"mode (fill=阴性, n=9)",0=阳性; 1=阴性,1; 0
prep_HBsAb（乙肝表面抗体）_encoded,移植前_HBsAb（乙肝表面抗体） (编码),integer (encoded),pre-test-p,2,0.0,"mode (fill=阳性, n=9)",0=阳性; 1=阴性,0; 1
prep_HEVAb（戊肝抗体）_encoded,移植前_HEVAb（戊肝抗体） (编码),integer (encoded),pre-test-p,1,0.0,"mode (fill=阴性, n=11)",0=阴性,0
prep_HAVAb（甲肝抗体）_encoded,移植前_HAVAb（甲肝抗体） (编码),integer (encoded),pre-test-p,2,0.0,"mode (fill=阴性, n=9)",0=阳性; 1=阴性,1; 0
prep_巨细胞病毒DNA定量_encoded,移植前_巨细胞病毒DNA定量 (编码),integer (encoded),pre-test-p,2,0.0,"mode (fill=阴性, n=71)",0=阳性; 1=阴性,1; 0
prep_EB病毒核酸_encoded,移植前_EB病毒核酸 (编码),integer (encoded),pre-test-p,2,0.0,"mode (fill=阴性, n=57)",0=阳性; 1=阴性,1; 0
prep_EB病毒核酸备注_encoded,移植前_EB病毒核酸备注 (编码),integer (encoded),pre-test-p,33,0.0,"mode (fill=1,30E+003, n=214)","0=1,30E+003; 1=1.02E+004; 2=1.18E+003; 3=1.20E+002; 4=1.29E+003; 5=1.2E+002; 6=1.43E+002; 7=1.43E+003; 8=1.49E+002; 9=1.61E+002; 10=2.03E+002; 11=2.79E+002IU/ml; 12=3.10E+002; 13=3.27E+003; 14=3.46E+004; 15=4.01E+001; 16=4.22E+002; 17=4.47E+003; 18=4.74E+003; 19=5.61E+001; 20=5.85E+002; 21=6.57E+002; 22=7.66E+002; 23=7.79E+003; 24=8.18E+003; 25=8.85E+003; 26=9.41E+002; 27=9.61E+002; 28=9.70E+003; 29=9.82E+002; 30=EB-IgA 4.21AU/ml 、EB-IgG 16.18AU/ml; 31=血1.41E+002; 32=血2.43E+002",0; 20; 8
prep_弓形虫抗体_encoded,移植前_弓形虫抗体 (编码),integer (encoded),pre-test-p,3,0.0,"mode (fill=均阴性, n=34)",0=IgG; 1=IgM; 2=均阴性,2; 0; 1
prep_单纯疱疹病毒抗体_encoded,移植前_单纯疱疹病毒抗体 (编码),integer (encoded),pre-test-p,3,0.0,"mode (fill=IgG, n=34)",0=IgG; 1=IgM; 2=均阴性,0; 2; 1
prep_风疹病毒抗体_encoded,移植前_风疹病毒抗体 (编码),integer (encoded),pre-test-p,3,0.0,"mode (fill=IgG, n=34)",0=IgG; 1=IgM; 2=均阴性,0; 2; 1
prep_巨细胞病毒抗体_encoded,移植前_巨细胞病毒抗体 (编码),integer (encoded),pre-test-p,3,0.0,"mode (fill=IgG, n=34)",0=IgG; 1=IgM; 2=均阴性,0; 2; 1
prep_心电图_encoded,移植前_心电图 (编码),integer (encoded),pre-test-p,4,0.0,"mode (fill=正常, n=6)",0=异常，无临床意义; 1=异常，有临床意义; 2=未检查; 3=正常,0; 3; 2
prep_心电图备注_encoded,移植前_心电图备注 (编码),integer (encoded),pre-test-p,27,0.0,"mode (fill=窦性心动过速, n=177)",0=1.窦性心律；2.房性早搏; 1=T波改变; 2=完全性右束支阻滞; 3=左心室肥大; 4=心动过速; 5=房性早搏; 6=窦性心动过缓; 7=窦性心动过缓伴不齐; 8=窦性心动过速; 9=窦性心动过速，; 10=窦性心动过速，T波改变; 11=窦性心动过速，左心房肥大; 12=窦性心动过速，提示右心房肥大; 13=窦性心动过速，电轴左偏，T波改变; 14=窦性心动过速；左心室肥大; 15=窦性心律; 16=窦性心律不齐; 17=窦性心律不齐，T波改变; 18=窦性心律过缓; 19=窦性心律过速; 20=窦性心律，ST-T改变; 21=窦性心律，T波改变; 22=窦性心律，一度房室传导阻滞; 23=窦性心律，左前分支传导阻滞; 24=窦性心律，电轴右偏; 25=窦性心律，电轴右偏，RV1、V2电压增高; 26=窦性心律，肢导联低电压,21; 8; 19
prep_心脏超声_encoded,移植前_心脏超声 (编码),integer (encoded),pre-test-p,4,0.0,"mode (fill=异常，无临床意义, n=11)",0=异常，无临床意义; 1=异常，有临床意义; 2=未检查; 3=正常,0; 3; 2
prep_心脏超声备注_encoded,移植前_心脏超声备注 (编码),integer (encoded),pre-test-p,86,0.0,"mode (fill=三尖瓣局限性反流, n=104)",0=1.三尖瓣局限性反流，反流压差稍增光; 1=1.三尖瓣轻度返流，反流压差增高；2.三尖瓣局限性反流；3.左室舒张功能减退。; 2=1.主动脉二尖瓣畸形，微量反流，2.三尖瓣微量返流。诊断先天性心脏病; 3=1.主动脉窦部增宽；2.三尖瓣局限性反流；3.左室舒张功能减退; 4=1.主动脉窦部增宽；2.二尖瓣、三尖瓣局限性反流；3.左室舒张功能减退。; 5=1.主动脉窦部稍增宽；2.三尖瓣局限性反流；3.左室舒张功能减退。; 6=1.二尖瓣、三尖瓣局限性反流；2.左室舒张功能减退。; 7=1.二尖瓣瓣上血流速度增快，局限性反流；2.三尖瓣局限性反流；3.左室舒张功能减退；4.心包腔少量积液。; 8=1.左室舒张功能减退，2.心包腔少量积液; 9=1.左房、左室增大；2.三尖瓣局限性反流，反流压差增高; ... (86 total classes),46; 6; 19
prep_腹部超声_encoded,移植前_腹部超声 (编码),integer (encoded),pre-test-p,4,0.0,"mode (fill=正常, n=10)",0=异常，无临床意义; 1=异常，有临床意义; 2=未检查; 3=正常,0; 2; 3
prep_腹部超声备注_encoded,移植前_腹部超声备注 (编码),integer (encoded),pre-test-p,82,0.0,"mode (fill=脾大, n=133)",0=1.肝实质回声增多，请结合肝功；2.胆囊壁粗糙；3.脾稍大。; 1=1.胆囊壁胆固醇结晶；2.脾大；3.双肾囊肿。; 2=1.胆囊小结节；2脾稍大; 3=1.脂肪肝，2.脾大; 4=1.脾大；2.脾内高回声结节，考虑血管瘤; 5=1.脾稍大2.左肾囊肿; 6=1.脾门处淋巴结肿大        2.胆囊息肉     3.左肾囊肿; 7=1、肝实质回声略增粗；2、胆囊结石; 8=1胰腺腺体回声欠均匀；2腹盆腔积液；3胆囊壁粗糙增厚；4脾大; 9=1，胆囊壁胆固醇结晶2，脾大 ; ... (82 total classes),56; 65; 37
prep_胸片_encoded,移植前_胸片 (编码),integer (encoded),pre-test-p,4,0.0,"mode (fill=正常, n=45)",0=异常，无临床意义; 1=异常，有临床意义; 2=未检查; 3=正常,3; 0; 2
prep_胸片备注_encoded,移植前_胸片备注 (编码),integer (encoded),pre-test-p,30,0.0,"mode (fill=双肺纹理增多, n=210)","0=1.右下肺感染可能；2.心影轻度增大。; 1=双上肺继发性肺结核可能，左侧膈面抬高，左侧少量胸腔积液; 2=双肺多发磨玻璃模糊影，炎症可能，右肺中叶，左上叶舌段及双下肺纤维灶; 3=双肺感染可能; 4=双肺纹理增多; 5=双肺纹理增多,右肺中叶少许纤维灶; 6=双肺纹理增多，右下肺稍模糊，右下肺见高密度影，; 7=双肺纹理增多，左下肺局部纹理稍模糊; 8=双肺纹理增多，心影增大; 9=双肺纹理增多，模糊; 10=双肺纹理增多，稍模糊; 11=双肺纹理增粗; 12=双肺纹理增粗，肝右后叶结节; 13=双肺纹理模糊; 14=双肺纹理稍增多; 15=双肺纹理稍多。; 16=双飞散在炎症可能; 17=右下肺小片状模糊影; 18=右侧少量胸腔积液不排除; 19=右肺 中叶内侧段，少许条索影，前上纵膈可见斑片状软组织密度影，大约2×4厘米，与邻近心包分界不清，; 20=右肺中下野纤维硬结灶可能; 21=左上肺纤维硬结灶; 22=左上肺野局部浅淡小结节影; 23=左下肋膈角区少许感染可能; 24=左下肺纹理稍模糊; 25=左侧约中量胸腔积液伴左下肺被动性不张或感染可能; 26=左侧胸腔可见片状无肺纹理区，肺组织压缩约5%; 27=左肺感染可能; 28=心影增大; 29=肺纹理增多",4; 24; 7
prep_肺CT_encoded,移植前_肺CT (编码),integer (encoded),pre-test-p,4,0.0,"mode (fill=异常，无临床意义, n=7)",0=异常，无临床意义; 1=异常，有临床意义; 2=未检查; 3=正常,3; 0; 1
pred_ABO_encoded,移植后_ABO (编码),integer (encoded),pre-test-d,4,0.0,"mode (fill=O, n=41)",0=A; 1=AB; 2=B; 3=O,3; 1; 0
pred_RH_encoded,移植后_RH (编码),integer (encoded),pre-test-d,1,0.0,"mode (fill=阳性, n=44)",0=阳性,0
pred_直接抗人球蛋白实验_encoded,移植后_直接抗人球蛋白实验 (编码),integer (encoded),pre-test-d,2,0.0,"mode (fill=阴性, n=112)",0=阳性; 1=阴性,1; 0
pred_直接抗人球蛋白实验备注_encoded,移植后_直接抗人球蛋白实验备注 (编码),integer (encoded),pre-test-d,2,0.0,"mode (fill=+, n=245)",0=+; 1=0.5,0; 1
pred_抗体筛选实验_encoded,移植后_抗体筛选实验 (编码),integer (encoded),pre-test-d,1,0.0,"mode (fill=阴性, n=112)",0=阴性,0
pred_尿蛋白(PRO)_encoded,移植后_尿蛋白(PRO) (编码),integer (encoded),pre-test-d,4,0.0,"mode (fill=（-）, n=87)",0=（+++）; 1=（++）; 2=（+）; 3=（-）,3; 0; 2
pred_尿白细胞(LEU)_encoded,移植后_尿白细胞(LEU) (编码),integer (encoded),pre-test-d,4,0.0,"mode (fill=（-）, n=87)",0=（+++）; 1=（++）; 2=（+）; 3=（-）,3; 1; 2
pred_尿红细胞(BLD)_encoded,移植后_尿红细胞(BLD) (编码),integer (encoded),pre-test-d,4,0.0,"mode (fill=（-）, n=88)",0=（+++）; 1=（++）; 2=（+）; 3=（-）,3; 0; 2
pred_抗核抗体谱_encoded,移植后_抗核抗体谱 (编码),integer (encoded),pre-test-d,2,0.0,"mode (fill=全阴性, n=77)",0=全阴性; 1=部分阳性,0; 1
pred_抗核抗体谱备注_encoded,移植后_抗核抗体谱备注 (编码),integer (encoded),pre-test-d,23,0.0,"mode (fill=RO-52, n=223)",0=AHA; 1=AHA弱阳性; 2=AMA-M2; 3=ANA滴度1:100阳性; 4=ANA滴度1:100阳性1+; 5=ANA滴度1:100阳性，ANA滴度1:320阳性; 6=ANA滴度1:100，弱阳性; 7=RO-52; 8=抗Jo-1抗体弱阳性; 9=抗PCNA; 10=抗PM-SCL; 11=抗PM-Scl抗体弱阳性; 12=抗PM-Scl抗体阳性，ANA滴度1:100阳性; 13=抗PM-scl; 14=抗PM-scl抗体 弱阳性; 15=抗nRNP/Sm抗体; 16=抗nRNP/Sm抗体，ANA滴度1:100阳性; 17=抗scl-70抗体; 18=抗增殖细胞核抗原抗体阳性; 19=抗核糖体P蛋白抗体阳性; 20=抗着丝点抗体; 21=抗着丝点抗体弱阳性; 22=抗着丝点抗体阳性,7; 16; 21
pred_HIV_encoded,移植后_HIV (编码),integer (encoded),pre-test-d,1,0.0,"mode (fill=阴性, n=40)",0=阴性,0
pred_梅毒_encoded,移植后_梅毒 (编码),integer (encoded),pre-test-d,2,0.0,"mode (fill=阴性, n=38)",0=阳性; 1=阴性,1; 0
pred_HCV_encoded,移植后_HCV (编码),integer (encoded),pre-test-d,1,0.0,"mode (fill=阴性, n=44)",0=阴性,0
pred_HBsAg（乙肝表面抗原）_encoded,移植后_HBsAg（乙肝表面抗原） (编码),integer (encoded),pre-test-d,2,0.0,"mode (fill=阴性, n=42)",0=阳性; 1=阴性,1; 0
pred_HDVAb（丁肝抗体）_encoded,移植后_HDVAb（丁肝抗体） (编码),integer (encoded),pre-test-d,1,0.0,"mode (fill=阴性, n=42)",0=阴性,0
pred_HBsAb（乙肝表面抗体）_encoded,移植后_HBsAb（乙肝表面抗体） (编码),integer (encoded),pre-test-d,2,0.0,"mode (fill=阴性, n=42)",0=阳性; 1=阴性,1; 0
pred_HEVAb（戊肝抗体）_encoded,移植后_HEVAb（戊肝抗体） (编码),integer (encoded),pre-test-d,2,0.0,"mode (fill=阴性, n=42)",0=阳性; 1=阴性,1; 0
pred_HAVAb（甲肝抗体）_encoded,移植后_HAVAb（甲肝抗体） (编码),integer (encoded),pre-test-d,1,0.0,"mode (fill=阴性, n=42)",0=阴性,0
pred_巨细胞病毒DNA定量_encoded,移植后_巨细胞病毒DNA定量 (编码),integer (encoded),pre-test-d,2,0.0,"mode (fill=阴性, n=134)",0=阳性; 1=阴性,1; 0
pred_EB病毒核酸_encoded,移植后_EB病毒核酸 (编码),integer (encoded),pre-test-d,2,0.0,"mode (fill=阴性, n=124)",0=阳性; 1=阴性,1; 0
pred_EB病毒核酸备注_encoded,移植后_EB病毒核酸备注 (编码),integer (encoded),pre-test-d,44,0.0,"mode (fill=1.06E+002, n=203)",0=1.06E+002; 1=1.14E+002; 2=1.27E+003; 3=1.37E+002; 4=1.42E+003; 5=1.54E+003; 6=1.5E+003; 7=1.71E+003; 8=1.82E+002; 9=1.83E+003; 10=2.02E+003; 11=2.07E+002; 12=2.09E+002; 13=2.11E+002; 14=2.19E+003; 15=2.43E+003; 16=2.62E+002; 17=3.49E+002; 18=3.72E+002; 19=4.22E+002; 20=4.27E+003; 21=4.41E+002; 22=4.44E+003; 23=4.45E+002; 24=4.77E+001; 25=4.82E+002; 26=4.86E+002; 27=4.99E+002; 28=5.16E+002; 29=5.6E+002; 30=5.73E+002; 31=6.64E+002; 32=6.66E+002; 33=6.73E+002; 34=7.03E+002; 35=7.32E+002; 36=7.87E+001; 37=7.98E+002; 38=8.24E+001; 39=9.54E+002; 40=EB-IgG:36.70; 41=IgG 24.31; 42=血3.85E+002; 43=血4.50E+002,0; 32; 11
pred_弓形虫抗体_encoded,移植后_弓形虫抗体 (编码),integer (encoded),pre-test-d,3,0.0,"mode (fill=均阴性, n=81)",0=IgG; 1=IgM; 2=均阴性,0; 2; 1
pred_单纯疱疹病毒抗体_encoded,移植后_单纯疱疹病毒抗体 (编码),integer (encoded),pre-test-d,3,0.0,"mode (fill=IgG, n=81)",0=IgG; 1=IgM; 2=均阴性,2; 0; 1
pred_风疹病毒抗体_encoded,移植后_风疹病毒抗体 (编码),integer (encoded),pre-test-d,2,0.0,"mode (fill=IgG, n=82)",0=IgG; 1=均阴性,0; 1
pred_巨细胞病毒抗体_encoded,移植后_巨细胞病毒抗体 (编码),integer (encoded),pre-test-d,2,0.0,"mode (fill=IgG, n=81)",0=IgG; 1=均阴性,1; 0
pred_心电图_encoded,移植后_心电图 (编码),integer (encoded),pre-test-d,3,0.0,"mode (fill=正常, n=43)",0=异常，无临床意义; 1=未检查; 2=正常,2; 1; 0
pred_心电图备注_encoded,移植后_心电图备注 (编码),integer (encoded),pre-test-d,24,0.0,"mode (fill=窦性心动过速, n=212)",0=1.窦性心律；2.电轴左偏。; 1=1、窦性心律，2、T波改变; 2=不完全右束支传导阻滞; 3=偶发室性早搏; 4=左室高电压，ST段抬高; 5=左心室肥大; 6=电轴右偏; 7=窦性心动过缓; 8=窦性心动过缓律不齐58次/分; 9=窦性心动过速; 10=窦性心律不齐; 11=窦性心律，ST-T改变; 12=窦性心律，偶发房性早搏; 13=窦性心律，完全性右束支阻滞; 14=窦性心律，室性早搏，T波改变; 15=窦性心律，左室高电压; 16=窦性心律，房性早搏; 17=窦性心律，点粥左偏; 18=窦性心律，电轴左偏; 19=窦性心率; 20=窦性心率不齐; 21=窦性心率过速; 22=窦性心率，左室高电压; 23=窦缓,9; 12; 15
pred_心脏超声_encoded,移植后_心脏超声 (编码),integer (encoded),pre-test-d,4,0.0,"mode (fill=未检查, n=89)",0=异常，无临床意义; 1=异常，有临床意义; 2=未检查; 3=正常,0; 2; 3
pred_心脏超声备注_encoded,移植后_心脏超声备注 (编码),integer (encoded),pre-test-d,30,0.0,"mode (fill=三尖瓣局限性反流, n=201)",0=1.室间隔增厚，2.二尖瓣、三尖瓣局限性反流，3.左室舒张功能减退; 1=1.心脏各腔室大小正常；2.三尖瓣局限性反流；3.左室舒张功能减退; 2=1:心脏各腔室大小正常，主动脉窦部增宽          2：心功能检测正常; 3=三尖瓣局限性反流; 4=三尖瓣局限性反流，左室舒张功能减退; 5=三尖瓣局限性返流，左室舒张功能减低; 6=三尖瓣局限性返流，左室舒张功能减退; 7=三尖瓣微量反流; 8=三尖瓣轻度性反流，二尖瓣局限性反流; 9=主动脉瓣右冠瓣略脱垂，轻度反流; 10=主动脉窦部增宽; 11=主动脉窦部增宽；三尖瓣微量返流；左室舒张功能减退；室间隔增厚; 12=主动脉窦部稍增宽，左室舒张功能减退; 13=二三尖瓣微量反流; 14=二尖瓣、三尖瓣、主动脉瓣局限性反流，左室舒张功能减退; 15=二尖瓣、三尖瓣局限性反流; 16=二尖瓣、三尖瓣局限性反流，左室舒张功能减退; 17=二尖瓣、三尖瓣局限性反流；左室舒张功能减退; 18=二尖瓣局部反流; 19=二尖瓣局限性反流，左室舒张功能减退; 20=二尖瓣，三尖瓣局限性反流；左室舒张功能减退。; 21=室间隔增厚，左室舒张功能减退; 22=室间隔稍增厚; 23=左室舒张功能减退; 24=左室舒张功能减退。; 25=左室舒张功能减退，三尖瓣局限性返流; 26=左房增大，三尖瓣局限性反流，左室舒张松弛降低; 27=左房增大，三尖瓣微量返流; 28=心脏各腔室大小正常，主动脉窦部及升部增宽，左室舒张功能减退; 29=肺动脉瓣局限性反流,3; 23; 29
pred_腹部超声_encoded,移植后_腹部超声 (编码),integer (encoded),pre-test-d,4,0.0,"mode (fill=正常, n=47)",0=异常，无临床意义; 1=异常，有临床意义; 2=未检查; 3=正常,3; 1; 2
pred_腹部超声备注_encoded,移植后_腹部超声备注 (编码),integer (encoded),pre-test-d,57,0.0,"mode (fill=脂肪肝, n=164)",0=1.肝内稍高回声结节，考虑血管瘤可能性大；2.胆囊息肉，3.左肾低回声结节，性质待定; 1=1.肝右下叶缘处囊实性占位，考虑良性病变，血管瘤可能性大，建议复查2.肝右前上段，右后叶上段高回声占位，血管瘤可能性大，建议复查; 2=1.肝小囊肿；2.左肾囊肿。; 3=1.脂肪肝，肝囊肿；2.胆囊息肉; 4=1.脂肪肝；2.胆囊息肉; 5=1，肝内稍高回声占位，倾向于血管瘤，建议必要时超声造影检查  2，胆囊息肉，胆囊壁粗糙; 6=右肾囊肿; 7=右肾小囊肿; 8=右肾小结石; 9=右肾局限性积液; ... (57 total classes),40; 44; 47
pred_胸片_encoded,移植后_胸片 (编码),integer (encoded),pre-test-d,4,0.0,"mode (fill=正常, n=55)",0=异常，无临床意义; 1=异常，有临床意义; 2=未检查; 3=正常,3; 2; 0
pred_胸片备注_encoded,移植后_胸片备注 (编码),integer (encoded),pre-test-d,11,0.0,"mode (fill=双肺纹理增多, n=233)",0=双肺上叶少许纤维硬结灶可能; 1=双肺纹理增多; 2=双肺纹理增多，双肺未见实质病变; 3=双肺纹理增多，模糊，主动脉增宽，心影轻度增大; 4=右上肺斑点高密度影，继发型肺结核待排; 5=右上肺硬结灶; 6=右上肺，斑片状影，建议ct进一步检查，; 7=左上肺门旁少许纤维灶; 8=左下肺局部纹理稍模糊; 9=左肺中野多发点状影，考虑片外因素，主动脉稍增宽; 10=胸椎椎小关节骨质密度增高，建议CT检查,1; 5; 9
pred_肺CT_encoded,移植后_肺CT (编码),integer (encoded),pre-test-d,4,0.0,"mode (fill=未检查, n=103)",0=异常，无临床意义; 1=异常，有临床意义; 2=未检查; 3=正常,2; 0; 3
pred_肺CT备注_encoded,移植后_肺CT备注 (编码),integer (encoded),pre-test-d,13,0.0,"mode (fill=双下肺见少许斑片状，条索状，密度增高影，, n=234)",0=双下肺见少许斑片状，条索状，密度增高影，; 1=双肺上叶及左肺下叶背段继发型肺结核；右肺下叶前基底段小硬结灶。左肺下叶前基底段纤维灶; 2=双肺纹理增多，肝右叶小钙化灶; 3=右下肺钙化灶; 4=右肺上叶后段胸膜下区结节影伴部分钙化改变，左肺下叶外侧基底段局部小硬结灶可能; 5=右肺尖纤维硬结灶可能; 6=右肺尖胸膜下小硬结灶可能；右肺下叶背段小钙化灶; 7=左下肺少量纤维灶，左侧胸膜稍增厚钙化; 8=左肺上叶浅淡小结节影; 9=纵膈多发结节影，稍大淋巴结或其他待排; 10=肝内多发小囊肿; 11=肝右叶椭圆形高密度影; 12=脂肪肝,0; 2; 12
followup_ECOG_encoded,随访_ECOG (编码),integer (encoded),followup,2,0.0,"mode (fill=0分, n=244)",0=0分; 1=4分,0; 1
followup_CMV_encoded,随访_CMV (编码),integer (encoded),followup,44,0.0,"mode (fill=阴性, n=69)",0=  血2.44E+001; 1=(-); 2=1.23E+001; 3=2.03E+003; 4=2.34E+001; 5=3.69E+002; 6=6.21E+002; 7=7.31E+001; 8=8.98E+002; 9=尿1.57E+001; 10=尿：3.65E+001，血：2.65E+002; 11=尿：8.53E+002; 12=血1.12E+002; 13=血1.19E+004; 14=血1.26E+002; 15=血1.72E+002; 16=血1.7E+001; 17=血1.90E+001; 18=血2.00E+004; 19=血2.28E+002; 20=血2.58E+001; 21=血3.34E+002; 22=血3.69E+001; 23=血3.95E+001; 24=血4.10E+001; 25=血4.63E+002; 26=血4.65E+001; 27=血4.82E+002; 28=血5.59E+001; 29=血6.32E+001; 30=血7.57E+001; 31=血8.76E+002，尿7.05E+002; 32=血9.50E+001; 33=血：1.55E+003; 34=血：4.05E+002，尿：阴性; 35=血：4.42E+001; 36=血：7.60E+001，尿：阴性; 37=血：阴性; 38=血：阴性，尿：2.76E+003; 39=血：阴性，尿：7.63E+001; 40=血：阴性，尿：8.66E+002; 41=血：阴性，尿：阴性; 42=阴性; 43=（-）,8; 42; 32
followup_EB_encoded,随访_EB (编码),integer (encoded),followup,64,0.0,"mode (fill=阴性, n=131)",0=  血2.3E+002; 1= 血1.36E+005; 2= 血2.16E+004; 3= 血7.73E+002; 4=(-); 5=1.03E+004; 6=1.07E+004; 7=1.09E+003; 8=1.17E+004; 9=1.40E+003; ... (64 total classes),27; 62; 57
followup_白血病细胞_encoded,随访_白血病细胞 (编码),integer (encoded),followup,5,0.0,"mode (fill=0%, n=231)",0=0; 1=0%; 2=查见少量单核细胞; 3=查见少量淋巴细胞; 4=阴性,1; 4; 3
followup_MRD_encoded,随访_MRD (编码),integer (encoded),followup,4,0.0,"mode (fill=0%, n=231)",0=(-); 1=0%; 2=阴性; 3=（-）,1; 2; 0
followup_植入率类型_encoded,随访_植入率类型 (编码),integer (encoded),followup,3,0.0,"mode (fill=STR, n=158)",0=STR; 1=XX; 2=XY,0; 2; 1
followup_植入率_encoded,随访_植入率 (编码),integer (encoded),followup,14,0.0,"mode (fill=100%, n=157)",0=0; 1=100; 2=100%; 3=55; 4=65; 5=71; 6=93%; 7=94.14%; 8=97%; 9=98%; 10=99; 11=99%; 12=99.5; 13=99.5%,2; 10; 1
followup_MRD_1_encoded,随访_MRD_1 (编码),integer (encoded),followup,9,0.0,"mode (fill=0, n=145)",0=(+); 1=0; 2=0.33; 3=0.53; 4=1.28; 5=1.32; 6=16.17; 7=35.48; 8=（-）,1; 4; 7
followup_不良预后基因_encoded,随访_不良预后基因 (编码),integer (encoded),followup,22,0.0,"mode (fill=阴性, n=215)",0=0; 1=0.0073%; 2=AML1-ET0/ABL 0%; 3=AML1-ETO/ABL 0%; 4=AML1-ETO/ABL 0.04%; 5=AML1/ETO 0%，AML1-ETO/ABL 0.07%; 6=BCR-ABL P210   /ABL0.13%; 7=BCR-ABL/ABL 0%; 8=BCR/ABL  P210/ABL0.62%; 9=BCR/ABL 0%; 10=BXR/ABL 0%; 11=CEBPA(-); 12=CEBPA0%MPM10%; 13=DNMT3A（-）; 14=E2A-PBX1（-）; 15=MLL0%; 16=SIL-TAL1; 17=WT1/ABL  0.43%; 18=WT1/ABL 0.11%; 19=WT1/ABL 0.27; 20=WT1/ABL1.2%; 21=阴性,21; 12; 2
followup_抗排异药物方案_encoded,随访_抗排异药物方案 (编码),integer (encoded),followup,99,0.0,"mode (fill=CSA50mg/12h, n=141)","0=12.11CSA155mg/d; 1=12.23 泼尼松20mg/日
12.25 环孢素120mg/日; 2=1月8日：甲泼尼龙琥珀酸钠80mg/日
1月9日：甲氨蝶呤17mg（临时）; 3=3.4CSA125mg/12h; 4=4.24    泼尼松60mg/d; 5=4.24    骁悉0.5g/12h+CSA136mg/d; 6=5.14      CSA50mg/12h+泼尼松10mg/12h; 7=5.21  FK2.5mg/d; 8=6.12
骁悉早0.5g晚0.25g+单日CSA早100mg晚75mg+双日CSA早75mg晚75mg; 9=7.13：他克莫司2mg/日+骁悉0.5g/12h; ... (99 total classes)",12; 25; 39
followup_预防复发药物方案_encoded,随访_预防复发药物方案 (编码),integer (encoded),followup,20,0.0,"mode (fill=鞘注, n=220)","0=CAR-T细胞; 1=VTLP化疗+鞘注; 2=停达沙替尼; 3=出院; 4=地西他滨*5d; 5=地西他滨10mg/5d; 6=昨日予以白介素300wu/日治疗，11月26日停用; 7=氟达拉滨47mg/d+磷酸酰胺0.47g; 8=泼尼松7.5mg/d+环孢素早50mg晚75mg; 9=西达本胺  4片/天; 10=输注间充质干细胞50ml; 11=间充质100ml; 12=间充质50ml; 13=鞘注; 14=鞘注：MTX12.5mg+Ara-C35mg
输注间充干细胞50ml; 15=鞘注：甲氨蝶呤+阿糖胞苷; 16=鞘注：甲氨蝶呤10mg+地米5mg
间充质6单位; 17=鞘注：甲氨蝶呤10mg+阿糖胞苷50mg; 18=鞘注：甲氨蝶呤12.5mg+地米+阿糖胞苷35mg; 19=鞘注：阿糖胞苷35mg+甲氨蝶呤12.5mg；输注间充质干细胞100ml",13; 14; 9
followup_并发症_encoded,随访_并发症 (编码),integer (encoded),followup,69,0.0,"mode (fill=发热38℃, n=177)","0=11.26  患者诉尿频尿急，可见肉眼血尿，考虑尿路感染。; 1=12.11昨日给开塞露后解5次黄色稀便，量较多，今日出现尿频，尿急，尿痛，较前好转，
尿常规显示尿路感染。; 2=1月31日12:30开始输注骨髓液600ml；2月1日00:07患者血压测不出，喘累明显，烦躁不安，吸氧浓度升至100%，氧饱和度仍持续下降，家属放弃抢救，于02:17自动出院; 3=2018.3.2转红岭医院; 4=3.6   皮肤瘙痒
3.7   皮肤瘙痒较前好转; 5=4.21    恶心，呕吐，皮疹消退，; 6=4.25. 患者发热，体温38.8. 昨日调整呼吸机挂式，呼吸频率维持在17次/分，夜间患者呼吸抑制，波动在0-10次每分，血气分析提示二氧化碳潴留，呼吸性酸中毒，尼可刹米治疗后未见改善。今日患者呼吸频率仍未改善，请呼吸科调整呼吸机为SIMV模式，患者自主呼吸仍低，频率在0-10次/分，咪达唑仑停止超过24小时，考虑呼吸中枢受损，双侧瞳孔直径约3mm，对光反射灵敏，双下肢病理征可疑阳性，考虑颅内出血引起呼吸抑制; 7=4.26患者因白血病内环境紊乱，连续性血液净化治疗，呼吸17次每分，脉搏81次每分，血压145/ 62毫米汞柱，意识昏迷，患者昨日18:40左右，突发双眼凝视， 四肢强直，给予开口器预防舌咬伤，持续4分钟后自行缓解。昨夜至今未再出现癫痫发作，查房神志淡漠，能少量对答。; 8=5.4患者今日午间发热，体温38.8，伴畏寒，不寒战; 9=5.5体温39.3
5.7体温38.4; ... (69 total classes)",29; 46; 14
followup_是否感染_encoded,随访_是否感染 (编码),integer (encoded),followup,1,0.0,"mode (fill=是, n=182)",0=是,0
followup_感染详细(部位)_encoded,随访_感染详细(部位) (编码),integer (encoded),followup,7,0.0,"mode (fill=血流, n=215)","0=不明确; 1=其他; 2=泌尿系统; 3=肺; 4=肺,肛周; 5=肺,血流; 6=血流",6; 3; 5
followup_感染详细(病原菌)_encoded,随访_感染详细(病原菌) (编码),integer (encoded),followup,10,0.0,"mode (fill=EB, n=183)","0=CMV; 1=CMV,EB; 2=CMV,EB,其他病毒; 3=EB; 4=不明确; 5=其他病毒; 6=真菌; 7=细菌; 8=细菌,EB; 9=细菌,真菌",3; 1; 0
followup_GVHD类型_encoded,随访_GVHD类型 (编码),integer (encoded),followup,2,0.0,"mode (fill=慢性, n=240)",0=急性; 1=慢性,1; 0
followup_是否出血性膀胱炎_encoded,随访_是否出血性膀胱炎 (编码),integer (encoded),followup,1,0.0,"mode (fill=是, n=245)",0=是,0
followup_是否肝功能损害_encoded,随访_是否肝功能损害 (编码),integer (encoded),followup,1,0.0,"mode (fill=是, n=244)",0=是,0
followup_是否肾功能损害_encoded,随访_是否肾功能损害 (编码),integer (encoded),followup,1,0.0,"mode (fill=是, n=246)",0=是,0
followup_其他详细_encoded,随访_其他详细 (编码),integer (encoded),followup,2,0.0,"mode (fill=消化道出血, n=245)",0=消化道出血; 1=肠道VOD,0; 1
followup_是否中性粒细胞重建_encoded,随访_是否中性粒细胞重建 (编码),integer (encoded),followup,2,0.0,"mode (fill=否, n=140)",0=否; 1=是,0; 1
followup_是否血小板重建_encoded,随访_是否血小板重建 (编码),integer (encoded),followup,2,0.0,"mode (fill=否, n=149)",0=否; 1=是,0; 1
followup_是否出仓_encoded,随访_是否出仓 (编码),integer (encoded),followup,2,0.0,"mode (fill=否, n=112)",0=否; 1=是,0; 1
followup_复发_encoded,随访_复发 (编码),integer (encoded),followup,4,0.0,"mode (fill=RE, n=243)",0=RE; 1=全面复发; 2=复发; 3=复发   幼淋1%,0; 3; 1
followup_其他异常指标_encoded,随访_其他异常指标 (编码),integer (encoded),followup,49,0.0,"mode (fill=BK病毒1.91E+006, n=198)","0=BK病毒1.91E+006; 1=BK病毒核酸（尿）>5.00E+008; 2=BK病毒：1.92E+004，血培养：白色念珠菌，肺炎克雷伯菌; 3=BK：>5.00E+008; 4=CMV：尿2.68E+001; 5=C反应蛋白：136
白细胞介素6:102
肿瘤坏死因子-a：19.9; 6=JC：6.5E+003
尿BK1.18E+005; 7=SF:  864.77; 8=SF：470.19; 9=SF：882.41; 10=乙肝病毒表面抗体229.07mIU/ml，乙肝病毒e抗体0.70s/co，乙肝病毒核心抗体5.35s/co。; 11=大便培养：少量白色念珠菌生长; 12=尿BK1.29E+006/JC1.01E+006; 13=尿BK7.69E+003; 14=尿BK>5.00E+008
JC   9.28E+007; 15=尿BK>5.00E+008
JC2.87E+006
; 16=尿BK>5.00E+008
尿JC   2.82E+004; 17=尿BK病毒：4.32E+006；尿JC病毒：1.45E+008; 18=尿BK：1.49E+007; 19=尿BK＞5E+008; 20=尿JC：1.12E+005; 21=尿ph值：5.5
尿白细胞：+; 22=尿常规：尿红细胞+-，尿白细胞+-; 23=尿常规：蛋白质2+， 尿红细胞3+，尿白细胞+-; 24=尿常规：蛋白质2+，尿红细胞3+，尿白细胞1+; 25=尿常规：蛋白质3+，尿红细胞3+，尿白细胞+-; 26=尿常规：蛋白质3+，尿红细胞3+，尿白细胞3+; 27=尿白细胞+-; 28=尿白细胞：+
尿胆红素：1+; 29=尿蛋白1+、红细胞+-、白细胞2+; 30=尿蛋白2+尿红细胞3+尿白细胞+; 31=尿蛋白2+，尿红细胞3+，尿白细胞+   ; 32=尿蛋白：+，尿白细胞：+; 33=查见革兰氏阳性球菌，呈双或短链状，位于白细胞外；查见革兰氏散在阴性杆菌，位于白细胞外；BK病毒核酸5.3E+008; 34=直接抗人球蛋白++; 35=直接抗人球蛋白0.5+; 36=窦性心动过速; 37=肺CT：双肺可见斑片状高密度影，形态不规则，左侧胸腔积液伴周围肺组织被动性不张; 38=肺CT：双肺散在硬结灶，右肺下叶背段小钙化灶，左肺上叶舌段纤维灶，肝左外叶上段小囊肿可能; 39=肺CT：双肺课件散在斑片状、小结节状密度增高影; 40=血型：B; 41=血培养：大肠埃希菌; 42=血培养：大肠埃希菌，考虑败血症; 43=血培养：皮氏罗尔斯顿菌; 44=血培养：肺炎克雷伯杆菌；铁蛋白：1808.35ug/L; 45=血培养：表皮葡萄球菌; 46=铁蛋白1886.38; 47=铁蛋白>2000; 48=铁蛋白：＞2000",0; 23; 45
followup_备注_encoded,随访_备注 (编码),integer (encoded),followup,37,0.0,"mode (fill=1.3高蕾门诊随访
12.20左右骨穿, n=210)","0=1.3高蕾门诊随访
12.20左右骨穿; 1=10.24孔佩艳门诊随访; 2=10.4向茜茜门诊随访; 3=10月8日骨穿结果，10月18日高蕾主任复诊; 4=11.28孔佩艳复诊; 5=11.29高蕾门诊随访; 6=11.29高蕾门诊随访
11.13腰穿，11.13左右骨穿; 7=11月12日骨穿结果; 8=12.24刘耀门诊随访; 9=12.27高蕾门诊随访/注意12.20骨穿结果; 10=12.4文钦复诊
注意11.7骨穿结果; 11=12月19日骨穿结果; 12=2017年移植，2017.10.26放弃治疗出院; 13=2017年移植，2017.9.6因肺部感染，放弃治疗出院; 14=2017年移植，骨髓移植成功，但外周血造血未重建，2017-12-18突发呼吸、心跳停止，抢救后情况无好转，放弃治疗出院; 15=5.17电话随访，5月初,  因恶心呕自改CSA50mg/12h; 16=7.26号PET-CF
8.5号来医院查血常规
8.6号腰穿; 17=7月11日没挂到孔主任号，若挂不到，7月12日一早并看结果；7月11日日间病房间充质输注; 18=7月12日骨穿结果（str）; 19=7月23日骨穿结果，8月2日做腰穿; 20=8.16张诚主任门诊随访
血象稳定后输注CRT; 21=9.26向茜茜复诊; 22=XX94%     XY6%; 23=入院治疗; 24=双手掌严重脱屑; 25=注意11.14骨穿结果
11.22刘嘉复诊; 26=注意11.19骨穿结果
12.18左右门诊随访; 27=注意11.22骨穿结果
11.29张诚门诊随访; 28=注意12.4骨穿结果
12.13张诚门诊随访; 29=注意9.17骨穿结果
10.10向茜茜随访; 30=注意9.17骨穿结果
一个月复诊一次10.18张诚门诊随访; 31=注意9.27骨穿结果
10.11高蕾门诊随访; 32=注意9.7骨穿结果
9.19孔佩艳门诊随访; 33=血红蛋白低医生建议本地医院输血
9.26孔佩艳门诊随访; 34=近期红岭医院去铁; 35=配型结果未填；7月11日植入率结果; 36=高蕾主任复诊",0; 13; 24
第二次原因备注,第二次原因备注,dropped (100% missing),info,0,100.0,dropped,,
冻存-骨髓有核细胞,冻存-骨髓有核细胞,dropped (100% missing),info,0,100.0,dropped,,
冻存-骨髓CD34,冻存-骨髓CD34,dropped (100% missing),info,0,100.0,dropped,,
pred_抗体筛选实验备注,pred_抗体筛选实验备注,dropped (100% missing),pre-test-d,0,100.0,dropped,,
followup_是否植入不良,followup_是否植入不良,dropped (100% missing),followup,0,100.0,dropped,,
followup_是否凝血功能障碍,followup_是否凝血功能障碍,dropped (100% missing),followup,0,100.0,dropped,,
